variable,season,year,href
PTOT,JFM,1981,https://digital-atlas.s3.amazonaws.com/domain=climate/type=observational/source=chirps-chirts-era5/region=africa/processing=seasonal/variable=PTOT/season=JFM/PTOT_JFM_1981_sum.tif
PTOT,FMA,1981,https://digital-atlas.s3.amazonaws.com/domain=climate/type=observational/source=chirps-chirts-era5/region=africa/processing=seasonal/variable=PTOT/season=FMA/PTOT_FMA_1981_sum.tif
PTOT,MAM,1981,https://digital-atlas.s3.amazonaws.com/domain=climate/type=observational/source=chirps-chirts-era5/region=africa/processing=seasonal/variable=PTOT/season=MAM/PTOT_MAM_1981_sum.tif
PTOT,AMJ,1981,https://digital-atlas.s3.amazonaws.com/domain=climate/type=observational/source=chirps-chirts-era5/region=africa/processing=seasonal/variable=PTOT/season=AMJ/PTOT_AMJ_1981_sum.tif
PTOT,MJJ,1981,https://digital-atlas.s3.amazonaws.com/domain=climate/type=observational/source=chirps-chirts-era5/region=africa/processing=seasonal/variable=PTOT/season=MJJ/PTOT_MJJ_1981_sum.tif
PTOT,JJA,1981,https://digital-atlas.s3.amazonaws.com/domain=climate/type=observational/source=chirps-chirts-era5/region=africa/processing=seasonal/variable=PTOT/season=JJA/PTOT_JJA_1981_sum.tif
PTOT,JAS,1981,https://digital-atlas.s3.amazonaws.com/domain=climate/type=observational/source=chirps-chirts-era5/region=africa/processing=seasonal/variable=PTOT/season=JAS/PTOT_JAS_1981_sum.tif
PTOT,ASO,1981,https://digital-atlas.s3.amazonaws.com/domain=climate/type=observational/source=chirps-chirts-era5/region=africa/processing=seasonal/variable=PTOT/season=ASO/PTOT_ASO_1981_sum.tif
PTOT,SON,1981,https://digital-atlas.s3.amazonaws.com/domain=climate/type=observational/source=chirps-chirts-era5/region=africa/processing=seasonal/variable=PTOT/season=SON/PTOT_SON_1981_sum.tif
PTOT,OND,1981,https://digital-atlas.s3.amazonaws.com/domain=climate/type=observational/source=chirps-chirts-era5/region=africa/processing=seasonal/variable=PTOT/season=OND/PTOT_OND_1981_sum.tif
PTOT,JFM,1982,https://digital-atlas.s3.amazonaws.com/domain=climate/type=observational/source=chirps-chirts-era5/region=africa/processing=seasonal/variable=PTOT/season=JFM/PTOT_JFM_1982_sum.tif
PTOT,FMA,1982,https://digital-atlas.s3.amazonaws.com/domain=climate/type=observational/source=chirps-chirts-era5/region=africa/processing=seasonal/variable=PTOT/season=FMA/PTOT_FMA_1982_sum.tif
PTOT,MAM,1982,https://digital-atlas.s3.amazonaws.com/domain=climate/type=observational/source=chirps-chirts-era5/region=africa/processing=seasonal/variable=PTOT/season=MAM/PTOT_MAM_1982_sum.tif
PTOT,AMJ,1982,https://digital-atlas.s3.amazonaws.com/domain=climate/type=observational/source=chirps-chirts-era5/region=africa/processing=seasonal/variable=PTOT/season=AMJ/PTOT_AMJ_1982_sum.tif
PTOT,MJJ,1982,https://digital-atlas.s3.amazonaws.com/domain=climate/type=observational/source=chirps-chirts-era5/region=africa/processing=seasonal/variable=PTOT/season=MJJ/PTOT_MJJ_1982_sum.tif
PTOT,JJA,1982,https://digital-atlas.s3.amazonaws.com/domain=climate/type=observational/source=chirps-chirts-era5/region=africa/processing=seasonal/variable=PTOT/season=JJA/PTOT_JJA_1982_sum.tif
PTOT,JAS,1982,https://digital-atlas.s3.amazonaws.com/domain=climate/type=observational/source=chirps-chirts-era5/region=africa/processing=seasonal/variable=PTOT/season=JAS/PTOT_JAS_1982_sum.tif
PTOT,ASO,1982,https://digital-atlas.s3.amazonaws.com/domain=climate/type=observational/source=chirps-chirts-era5/region=africa/processing=seasonal/variable=PTOT/season=ASO/PTOT_ASO_1982_sum.tif
PTOT,SON,1982,https://digital-atlas.s3.amazonaws.com/domain=climate/type=observational/source=chirps-chirts-era5/region=africa/processing=seasonal/variable=PTOT/season=SON/PTOT_SON_1982_sum.tif
PTOT,OND,1982,https://digital-atlas.s3.amazonaws.com/domain=climate/type=observational/source=chirps-chirts-era5/region=africa/processing=seasonal/variable=PTOT/season=OND/PTOT_OND_1982_sum.tif
PTOT,NDJ,1982,https://digital-atlas.s3.amazonaws.com/domain=climate/type=observational/source=chirps-chirts-era5/region=africa/processing=seasonal/variable=PTOT/season=NDJ/PTOT_NDJ_1982_sum.tif
PTOT,DJF,1982,https://digital-atlas.s3.amazonaws.com/domain=climate/type=observational/source=chirps-chirts-era5/region=africa/processing=seasonal/variable=PTOT/season=DJF/PTOT_DJF_1982_sum.tif
PTOT,JFM,1983,https://digital-atlas.s3.amazonaws.com/domain=climate/type=observational/source=chirps-chirts-era5/region=africa/processing=seasonal/variable=PTOT/season=JFM/PTOT_JFM_1983_sum.tif
PTOT,FMA,1983,https://digital-atlas.s3.amazonaws.com/domain=climate/type=observational/source=chirps-chirts-era5/region=africa/processing=seasonal/variable=PTOT/season=FMA/PTOT_FMA_1983_sum.tif
PTOT,MAM,1983,https://digital-atlas.s3.amazonaws.com/domain=climate/type=observational/source=chirps-chirts-era5/region=africa/processing=seasonal/variable=PTOT/season=MAM/PTOT_MAM_1983_sum.tif
PTOT,AMJ,1983,https://digital-atlas.s3.amazonaws.com/domain=climate/type=observational/source=chirps-chirts-era5/region=africa/processing=seasonal/variable=PTOT/season=AMJ/PTOT_AMJ_1983_sum.tif
PTOT,MJJ,1983,https://digital-atlas.s3.amazonaws.com/domain=climate/type=observational/source=chirps-chirts-era5/region=africa/processing=seasonal/variable=PTOT/season=MJJ/PTOT_MJJ_1983_sum.tif
PTOT,JJA,1983,https://digital-atlas.s3.amazonaws.com/domain=climate/type=observational/source=chirps-chirts-era5/region=africa/processing=seasonal/variable=PTOT/season=JJA/PTOT_JJA_1983_sum.tif
PTOT,JAS,1983,https://digital-atlas.s3.amazonaws.com/domain=climate/type=observational/source=chirps-chirts-era5/region=africa/processing=seasonal/variable=PTOT/season=JAS/PTOT_JAS_1983_sum.tif
PTOT,ASO,1983,https://digital-atlas.s3.amazonaws.com/domain=climate/type=observational/source=chirps-chirts-era5/region=africa/processing=seasonal/variable=PTOT/season=ASO/PTOT_ASO_1983_sum.tif
PTOT,SON,1983,https://digital-atlas.s3.amazonaws.com/domain=climate/type=observational/source=chirps-chirts-era5/region=africa/processing=seasonal/variable=PTOT/season=SON/PTOT_SON_1983_sum.tif
PTOT,OND,1983,https://digital-atlas.s3.amazonaws.com/domain=climate/type=observational/source=chirps-chirts-era5/region=africa/processing=seasonal/variable=PTOT/season=OND/PTOT_OND_1983_sum.tif
PTOT,NDJ,1983,https://digital-atlas.s3.amazonaws.com/domain=climate/type=observational/source=chirps-chirts-era5/region=africa/processing=seasonal/variable=PTOT/season=NDJ/PTOT_NDJ_1983_sum.tif
PTOT,DJF,1983,https://digital-atlas.s3.amazonaws.com/domain=climate/type=observational/source=chirps-chirts-era5/region=africa/processing=seasonal/variable=PTOT/season=DJF/PTOT_DJF_1983_sum.tif
PTOT,JFM,1984,https://digital-atlas.s3.amazonaws.com/domain=climate/type=observational/source=chirps-chirts-era5/region=africa/processing=seasonal/variable=PTOT/season=JFM/PTOT_JFM_1984_sum.tif
PTOT,FMA,1984,https://digital-atlas.s3.amazonaws.com/domain=climate/type=observational/source=chirps-chirts-era5/region=africa/processing=seasonal/variable=PTOT/season=FMA/PTOT_FMA_1984_sum.tif
PTOT,MAM,1984,https://digital-atlas.s3.amazonaws.com/domain=climate/type=observational/source=chirps-chirts-era5/region=africa/processing=seasonal/variable=PTOT/season=MAM/PTOT_MAM_1984_sum.tif
PTOT,AMJ,1984,https://digital-atlas.s3.amazonaws.com/domain=climate/type=observational/source=chirps-chirts-era5/region=africa/processing=seasonal/variable=PTOT/season=AMJ/PTOT_AMJ_1984_sum.tif
PTOT,MJJ,1984,https://digital-atlas.s3.amazonaws.com/domain=climate/type=observational/source=chirps-chirts-era5/region=africa/processing=seasonal/variable=PTOT/season=MJJ/PTOT_MJJ_1984_sum.tif
PTOT,JJA,1984,https://digital-atlas.s3.amazonaws.com/domain=climate/type=observational/source=chirps-chirts-era5/region=africa/processing=seasonal/variable=PTOT/season=JJA/PTOT_JJA_1984_sum.tif
PTOT,JAS,1984,https://digital-atlas.s3.amazonaws.com/domain=climate/type=observational/source=chirps-chirts-era5/region=africa/processing=seasonal/variable=PTOT/season=JAS/PTOT_JAS_1984_sum.tif
PTOT,ASO,1984,https://digital-atlas.s3.amazonaws.com/domain=climate/type=observational/source=chirps-chirts-era5/region=africa/processing=seasonal/variable=PTOT/season=ASO/PTOT_ASO_1984_sum.tif
PTOT,SON,1984,https://digital-atlas.s3.amazonaws.com/domain=climate/type=observational/source=chirps-chirts-era5/region=africa/processing=seasonal/variable=PTOT/season=SON/PTOT_SON_1984_sum.tif
PTOT,OND,1984,https://digital-atlas.s3.amazonaws.com/domain=climate/type=observational/source=chirps-chirts-era5/region=africa/processing=seasonal/variable=PTOT/season=OND/PTOT_OND_1984_sum.tif
PTOT,NDJ,1984,https://digital-atlas.s3.amazonaws.com/domain=climate/type=observational/source=chirps-chirts-era5/region=africa/processing=seasonal/variable=PTOT/season=NDJ/PTOT_NDJ_1984_sum.tif
PTOT,DJF,1984,https://digital-atlas.s3.amazonaws.com/domain=climate/type=observational/source=chirps-chirts-era5/region=africa/processing=seasonal/variable=PTOT/season=DJF/PTOT_DJF_1984_sum.tif
PTOT,JFM,1985,https://digital-atlas.s3.amazonaws.com/domain=climate/type=observational/source=chirps-chirts-era5/region=africa/processing=seasonal/variable=PTOT/season=JFM/PTOT_JFM_1985_sum.tif
PTOT,FMA,1985,https://digital-atlas.s3.amazonaws.com/domain=climate/type=observational/source=chirps-chirts-era5/region=africa/processing=seasonal/variable=PTOT/season=FMA/PTOT_FMA_1985_sum.tif
PTOT,MAM,1985,https://digital-atlas.s3.amazonaws.com/domain=climate/type=observational/source=chirps-chirts-era5/region=africa/processing=seasonal/variable=PTOT/season=MAM/PTOT_MAM_1985_sum.tif
PTOT,AMJ,1985,https://digital-atlas.s3.amazonaws.com/domain=climate/type=observational/source=chirps-chirts-era5/region=africa/processing=seasonal/variable=PTOT/season=AMJ/PTOT_AMJ_1985_sum.tif
PTOT,MJJ,1985,https://digital-atlas.s3.amazonaws.com/domain=climate/type=observational/source=chirps-chirts-era5/region=africa/processing=seasonal/variable=PTOT/season=MJJ/PTOT_MJJ_1985_sum.tif
PTOT,JJA,1985,https://digital-atlas.s3.amazonaws.com/domain=climate/type=observational/source=chirps-chirts-era5/region=africa/processing=seasonal/variable=PTOT/season=JJA/PTOT_JJA_1985_sum.tif
PTOT,JAS,1985,https://digital-atlas.s3.amazonaws.com/domain=climate/type=observational/source=chirps-chirts-era5/region=africa/processing=seasonal/variable=PTOT/season=JAS/PTOT_JAS_1985_sum.tif
PTOT,ASO,1985,https://digital-atlas.s3.amazonaws.com/domain=climate/type=observational/source=chirps-chirts-era5/region=africa/processing=seasonal/variable=PTOT/season=ASO/PTOT_ASO_1985_sum.tif
PTOT,SON,1985,https://digital-atlas.s3.amazonaws.com/domain=climate/type=observational/source=chirps-chirts-era5/region=africa/processing=seasonal/variable=PTOT/season=SON/PTOT_SON_1985_sum.tif
PTOT,OND,1985,https://digital-atlas.s3.amazonaws.com/domain=climate/type=observational/source=chirps-chirts-era5/region=africa/processing=seasonal/variable=PTOT/season=OND/PTOT_OND_1985_sum.tif
PTOT,NDJ,1985,https://digital-atlas.s3.amazonaws.com/domain=climate/type=observational/source=chirps-chirts-era5/region=africa/processing=seasonal/variable=PTOT/season=NDJ/PTOT_NDJ_1985_sum.tif
PTOT,DJF,1985,https://digital-atlas.s3.amazonaws.com/domain=climate/type=observational/source=chirps-chirts-era5/region=africa/processing=seasonal/variable=PTOT/season=DJF/PTOT_DJF_1985_sum.tif
PTOT,JFM,1986,https://digital-atlas.s3.amazonaws.com/domain=climate/type=observational/source=chirps-chirts-era5/region=africa/processing=seasonal/variable=PTOT/season=JFM/PTOT_JFM_1986_sum.tif
PTOT,FMA,1986,https://digital-atlas.s3.amazonaws.com/domain=climate/type=observational/source=chirps-chirts-era5/region=africa/processing=seasonal/variable=PTOT/season=FMA/PTOT_FMA_1986_sum.tif
PTOT,MAM,1986,https://digital-atlas.s3.amazonaws.com/domain=climate/type=observational/source=chirps-chirts-era5/region=africa/processing=seasonal/variable=PTOT/season=MAM/PTOT_MAM_1986_sum.tif
PTOT,AMJ,1986,https://digital-atlas.s3.amazonaws.com/domain=climate/type=observational/source=chirps-chirts-era5/region=africa/processing=seasonal/variable=PTOT/season=AMJ/PTOT_AMJ_1986_sum.tif
PTOT,MJJ,1986,https://digital-atlas.s3.amazonaws.com/domain=climate/type=observational/source=chirps-chirts-era5/region=africa/processing=seasonal/variable=PTOT/season=MJJ/PTOT_MJJ_1986_sum.tif
PTOT,JJA,1986,https://digital-atlas.s3.amazonaws.com/domain=climate/type=observational/source=chirps-chirts-era5/region=africa/processing=seasonal/variable=PTOT/season=JJA/PTOT_JJA_1986_sum.tif
PTOT,JAS,1986,https://digital-atlas.s3.amazonaws.com/domain=climate/type=observational/source=chirps-chirts-era5/region=africa/processing=seasonal/variable=PTOT/season=JAS/PTOT_JAS_1986_sum.tif
PTOT,ASO,1986,https://digital-atlas.s3.amazonaws.com/domain=climate/type=observational/source=chirps-chirts-era5/region=africa/processing=seasonal/variable=PTOT/season=ASO/PTOT_ASO_1986_sum.tif
PTOT,SON,1986,https://digital-atlas.s3.amazonaws.com/domain=climate/type=observational/source=chirps-chirts-era5/region=africa/processing=seasonal/variable=PTOT/season=SON/PTOT_SON_1986_sum.tif
PTOT,OND,1986,https://digital-atlas.s3.amazonaws.com/domain=climate/type=observational/source=chirps-chirts-era5/region=africa/processing=seasonal/variable=PTOT/season=OND/PTOT_OND_1986_sum.tif
PTOT,NDJ,1986,https://digital-atlas.s3.amazonaws.com/domain=climate/type=observational/source=chirps-chirts-era5/region=africa/processing=seasonal/variable=PTOT/season=NDJ/PTOT_NDJ_1986_sum.tif
PTOT,DJF,1986,https://digital-atlas.s3.amazonaws.com/domain=climate/type=observational/source=chirps-chirts-era5/region=africa/processing=seasonal/variable=PTOT/season=DJF/PTOT_DJF_1986_sum.tif
PTOT,JFM,1987,https://digital-atlas.s3.amazonaws.com/domain=climate/type=observational/source=chirps-chirts-era5/region=africa/processing=seasonal/variable=PTOT/season=JFM/PTOT_JFM_1987_sum.tif
PTOT,FMA,1987,https://digital-atlas.s3.amazonaws.com/domain=climate/type=observational/source=chirps-chirts-era5/region=africa/processing=seasonal/variable=PTOT/season=FMA/PTOT_FMA_1987_sum.tif
PTOT,MAM,1987,https://digital-atlas.s3.amazonaws.com/domain=climate/type=observational/source=chirps-chirts-era5/region=africa/processing=seasonal/variable=PTOT/season=MAM/PTOT_MAM_1987_sum.tif
PTOT,AMJ,1987,https://digital-atlas.s3.amazonaws.com/domain=climate/type=observational/source=chirps-chirts-era5/region=africa/processing=seasonal/variable=PTOT/season=AMJ/PTOT_AMJ_1987_sum.tif
PTOT,MJJ,1987,https://digital-atlas.s3.amazonaws.com/domain=climate/type=observational/source=chirps-chirts-era5/region=africa/processing=seasonal/variable=PTOT/season=MJJ/PTOT_MJJ_1987_sum.tif
PTOT,JJA,1987,https://digital-atlas.s3.amazonaws.com/domain=climate/type=observational/source=chirps-chirts-era5/region=africa/processing=seasonal/variable=PTOT/season=JJA/PTOT_JJA_1987_sum.tif
PTOT,JAS,1987,https://digital-atlas.s3.amazonaws.com/domain=climate/type=observational/source=chirps-chirts-era5/region=africa/processing=seasonal/variable=PTOT/season=JAS/PTOT_JAS_1987_sum.tif
PTOT,ASO,1987,https://digital-atlas.s3.amazonaws.com/domain=climate/type=observational/source=chirps-chirts-era5/region=africa/processing=seasonal/variable=PTOT/season=ASO/PTOT_ASO_1987_sum.tif
PTOT,SON,1987,https://digital-atlas.s3.amazonaws.com/domain=climate/type=observational/source=chirps-chirts-era5/region=africa/processing=seasonal/variable=PTOT/season=SON/PTOT_SON_1987_sum.tif
PTOT,OND,1987,https://digital-atlas.s3.amazonaws.com/domain=climate/type=observational/source=chirps-chirts-era5/region=africa/processing=seasonal/variable=PTOT/season=OND/PTOT_OND_1987_sum.tif
PTOT,NDJ,1987,https://digital-atlas.s3.amazonaws.com/domain=climate/type=observational/source=chirps-chirts-era5/region=africa/processing=seasonal/variable=PTOT/season=NDJ/PTOT_NDJ_1987_sum.tif
PTOT,DJF,1987,https://digital-atlas.s3.amazonaws.com/domain=climate/type=observational/source=chirps-chirts-era5/region=africa/processing=seasonal/variable=PTOT/season=DJF/PTOT_DJF_1987_sum.tif
PTOT,JFM,1988,https://digital-atlas.s3.amazonaws.com/domain=climate/type=observational/source=chirps-chirts-era5/region=africa/processing=seasonal/variable=PTOT/season=JFM/PTOT_JFM_1988_sum.tif
PTOT,FMA,1988,https://digital-atlas.s3.amazonaws.com/domain=climate/type=observational/source=chirps-chirts-era5/region=africa/processing=seasonal/variable=PTOT/season=FMA/PTOT_FMA_1988_sum.tif
PTOT,MAM,1988,https://digital-atlas.s3.amazonaws.com/domain=climate/type=observational/source=chirps-chirts-era5/region=africa/processing=seasonal/variable=PTOT/season=MAM/PTOT_MAM_1988_sum.tif
PTOT,AMJ,1988,https://digital-atlas.s3.amazonaws.com/domain=climate/type=observational/source=chirps-chirts-era5/region=africa/processing=seasonal/variable=PTOT/season=AMJ/PTOT_AMJ_1988_sum.tif
PTOT,MJJ,1988,https://digital-atlas.s3.amazonaws.com/domain=climate/type=observational/source=chirps-chirts-era5/region=africa/processing=seasonal/variable=PTOT/season=MJJ/PTOT_MJJ_1988_sum.tif
PTOT,JJA,1988,https://digital-atlas.s3.amazonaws.com/domain=climate/type=observational/source=chirps-chirts-era5/region=africa/processing=seasonal/variable=PTOT/season=JJA/PTOT_JJA_1988_sum.tif
PTOT,JAS,1988,https://digital-atlas.s3.amazonaws.com/domain=climate/type=observational/source=chirps-chirts-era5/region=africa/processing=seasonal/variable=PTOT/season=JAS/PTOT_JAS_1988_sum.tif
PTOT,ASO,1988,https://digital-atlas.s3.amazonaws.com/domain=climate/type=observational/source=chirps-chirts-era5/region=africa/processing=seasonal/variable=PTOT/season=ASO/PTOT_ASO_1988_sum.tif
PTOT,SON,1988,https://digital-atlas.s3.amazonaws.com/domain=climate/type=observational/source=chirps-chirts-era5/region=africa/processing=seasonal/variable=PTOT/season=SON/PTOT_SON_1988_sum.tif
PTOT,OND,1988,https://digital-atlas.s3.amazonaws.com/domain=climate/type=observational/source=chirps-chirts-era5/region=africa/processing=seasonal/variable=PTOT/season=OND/PTOT_OND_1988_sum.tif
PTOT,NDJ,1988,https://digital-atlas.s3.amazonaws.com/domain=climate/type=observational/source=chirps-chirts-era5/region=africa/processing=seasonal/variable=PTOT/season=NDJ/PTOT_NDJ_1988_sum.tif
PTOT,DJF,1988,https://digital-atlas.s3.amazonaws.com/domain=climate/type=observational/source=chirps-chirts-era5/region=africa/processing=seasonal/variable=PTOT/season=DJF/PTOT_DJF_1988_sum.tif
PTOT,JFM,1989,https://digital-atlas.s3.amazonaws.com/domain=climate/type=observational/source=chirps-chirts-era5/region=africa/processing=seasonal/variable=PTOT/season=JFM/PTOT_JFM_1989_sum.tif
PTOT,FMA,1989,https://digital-atlas.s3.amazonaws.com/domain=climate/type=observational/source=chirps-chirts-era5/region=africa/processing=seasonal/variable=PTOT/season=FMA/PTOT_FMA_1989_sum.tif
PTOT,MAM,1989,https://digital-atlas.s3.amazonaws.com/domain=climate/type=observational/source=chirps-chirts-era5/region=africa/processing=seasonal/variable=PTOT/season=MAM/PTOT_MAM_1989_sum.tif
PTOT,AMJ,1989,https://digital-atlas.s3.amazonaws.com/domain=climate/type=observational/source=chirps-chirts-era5/region=africa/processing=seasonal/variable=PTOT/season=AMJ/PTOT_AMJ_1989_sum.tif
PTOT,MJJ,1989,https://digital-atlas.s3.amazonaws.com/domain=climate/type=observational/source=chirps-chirts-era5/region=africa/processing=seasonal/variable=PTOT/season=MJJ/PTOT_MJJ_1989_sum.tif
PTOT,JJA,1989,https://digital-atlas.s3.amazonaws.com/domain=climate/type=observational/source=chirps-chirts-era5/region=africa/processing=seasonal/variable=PTOT/season=JJA/PTOT_JJA_1989_sum.tif
PTOT,JAS,1989,https://digital-atlas.s3.amazonaws.com/domain=climate/type=observational/source=chirps-chirts-era5/region=africa/processing=seasonal/variable=PTOT/season=JAS/PTOT_JAS_1989_sum.tif
PTOT,ASO,1989,https://digital-atlas.s3.amazonaws.com/domain=climate/type=observational/source=chirps-chirts-era5/region=africa/processing=seasonal/variable=PTOT/season=ASO/PTOT_ASO_1989_sum.tif
PTOT,SON,1989,https://digital-atlas.s3.amazonaws.com/domain=climate/type=observational/source=chirps-chirts-era5/region=africa/processing=seasonal/variable=PTOT/season=SON/PTOT_SON_1989_sum.tif
PTOT,OND,1989,https://digital-atlas.s3.amazonaws.com/domain=climate/type=observational/source=chirps-chirts-era5/region=africa/processing=seasonal/variable=PTOT/season=OND/PTOT_OND_1989_sum.tif
PTOT,NDJ,1989,https://digital-atlas.s3.amazonaws.com/domain=climate/type=observational/source=chirps-chirts-era5/region=africa/processing=seasonal/variable=PTOT/season=NDJ/PTOT_NDJ_1989_sum.tif
PTOT,DJF,1989,https://digital-atlas.s3.amazonaws.com/domain=climate/type=observational/source=chirps-chirts-era5/region=africa/processing=seasonal/variable=PTOT/season=DJF/PTOT_DJF_1989_sum.tif
PTOT,JFM,1990,https://digital-atlas.s3.amazonaws.com/domain=climate/type=observational/source=chirps-chirts-era5/region=africa/processing=seasonal/variable=PTOT/season=JFM/PTOT_JFM_1990_sum.tif
PTOT,FMA,1990,https://digital-atlas.s3.amazonaws.com/domain=climate/type=observational/source=chirps-chirts-era5/region=africa/processing=seasonal/variable=PTOT/season=FMA/PTOT_FMA_1990_sum.tif
PTOT,MAM,1990,https://digital-atlas.s3.amazonaws.com/domain=climate/type=observational/source=chirps-chirts-era5/region=africa/processing=seasonal/variable=PTOT/season=MAM/PTOT_MAM_1990_sum.tif
PTOT,AMJ,1990,https://digital-atlas.s3.amazonaws.com/domain=climate/type=observational/source=chirps-chirts-era5/region=africa/processing=seasonal/variable=PTOT/season=AMJ/PTOT_AMJ_1990_sum.tif
PTOT,MJJ,1990,https://digital-atlas.s3.amazonaws.com/domain=climate/type=observational/source=chirps-chirts-era5/region=africa/processing=seasonal/variable=PTOT/season=MJJ/PTOT_MJJ_1990_sum.tif
PTOT,JJA,1990,https://digital-atlas.s3.amazonaws.com/domain=climate/type=observational/source=chirps-chirts-era5/region=africa/processing=seasonal/variable=PTOT/season=JJA/PTOT_JJA_1990_sum.tif
PTOT,JAS,1990,https://digital-atlas.s3.amazonaws.com/domain=climate/type=observational/source=chirps-chirts-era5/region=africa/processing=seasonal/variable=PTOT/season=JAS/PTOT_JAS_1990_sum.tif
PTOT,ASO,1990,https://digital-atlas.s3.amazonaws.com/domain=climate/type=observational/source=chirps-chirts-era5/region=africa/processing=seasonal/variable=PTOT/season=ASO/PTOT_ASO_1990_sum.tif
PTOT,SON,1990,https://digital-atlas.s3.amazonaws.com/domain=climate/type=observational/source=chirps-chirts-era5/region=africa/processing=seasonal/variable=PTOT/season=SON/PTOT_SON_1990_sum.tif
PTOT,OND,1990,https://digital-atlas.s3.amazonaws.com/domain=climate/type=observational/source=chirps-chirts-era5/region=africa/processing=seasonal/variable=PTOT/season=OND/PTOT_OND_1990_sum.tif
PTOT,NDJ,1990,https://digital-atlas.s3.amazonaws.com/domain=climate/type=observational/source=chirps-chirts-era5/region=africa/processing=seasonal/variable=PTOT/season=NDJ/PTOT_NDJ_1990_sum.tif
PTOT,DJF,1990,https://digital-atlas.s3.amazonaws.com/domain=climate/type=observational/source=chirps-chirts-era5/region=africa/processing=seasonal/variable=PTOT/season=DJF/PTOT_DJF_1990_sum.tif
PTOT,JFM,1991,https://digital-atlas.s3.amazonaws.com/domain=climate/type=observational/source=chirps-chirts-era5/region=africa/processing=seasonal/variable=PTOT/season=JFM/PTOT_JFM_1991_sum.tif
PTOT,FMA,1991,https://digital-atlas.s3.amazonaws.com/domain=climate/type=observational/source=chirps-chirts-era5/region=africa/processing=seasonal/variable=PTOT/season=FMA/PTOT_FMA_1991_sum.tif
PTOT,MAM,1991,https://digital-atlas.s3.amazonaws.com/domain=climate/type=observational/source=chirps-chirts-era5/region=africa/processing=seasonal/variable=PTOT/season=MAM/PTOT_MAM_1991_sum.tif
PTOT,AMJ,1991,https://digital-atlas.s3.amazonaws.com/domain=climate/type=observational/source=chirps-chirts-era5/region=africa/processing=seasonal/variable=PTOT/season=AMJ/PTOT_AMJ_1991_sum.tif
PTOT,MJJ,1991,https://digital-atlas.s3.amazonaws.com/domain=climate/type=observational/source=chirps-chirts-era5/region=africa/processing=seasonal/variable=PTOT/season=MJJ/PTOT_MJJ_1991_sum.tif
PTOT,JJA,1991,https://digital-atlas.s3.amazonaws.com/domain=climate/type=observational/source=chirps-chirts-era5/region=africa/processing=seasonal/variable=PTOT/season=JJA/PTOT_JJA_1991_sum.tif
PTOT,JAS,1991,https://digital-atlas.s3.amazonaws.com/domain=climate/type=observational/source=chirps-chirts-era5/region=africa/processing=seasonal/variable=PTOT/season=JAS/PTOT_JAS_1991_sum.tif
PTOT,ASO,1991,https://digital-atlas.s3.amazonaws.com/domain=climate/type=observational/source=chirps-chirts-era5/region=africa/processing=seasonal/variable=PTOT/season=ASO/PTOT_ASO_1991_sum.tif
PTOT,SON,1991,https://digital-atlas.s3.amazonaws.com/domain=climate/type=observational/source=chirps-chirts-era5/region=africa/processing=seasonal/variable=PTOT/season=SON/PTOT_SON_1991_sum.tif
PTOT,OND,1991,https://digital-atlas.s3.amazonaws.com/domain=climate/type=observational/source=chirps-chirts-era5/region=africa/processing=seasonal/variable=PTOT/season=OND/PTOT_OND_1991_sum.tif
PTOT,NDJ,1991,https://digital-atlas.s3.amazonaws.com/domain=climate/type=observational/source=chirps-chirts-era5/region=africa/processing=seasonal/variable=PTOT/season=NDJ/PTOT_NDJ_1991_sum.tif
PTOT,DJF,1991,https://digital-atlas.s3.amazonaws.com/domain=climate/type=observational/source=chirps-chirts-era5/region=africa/processing=seasonal/variable=PTOT/season=DJF/PTOT_DJF_1991_sum.tif
PTOT,JFM,1992,https://digital-atlas.s3.amazonaws.com/domain=climate/type=observational/source=chirps-chirts-era5/region=africa/processing=seasonal/variable=PTOT/season=JFM/PTOT_JFM_1992_sum.tif
PTOT,FMA,1992,https://digital-atlas.s3.amazonaws.com/domain=climate/type=observational/source=chirps-chirts-era5/region=africa/processing=seasonal/variable=PTOT/season=FMA/PTOT_FMA_1992_sum.tif
PTOT,MAM,1992,https://digital-atlas.s3.amazonaws.com/domain=climate/type=observational/source=chirps-chirts-era5/region=africa/processing=seasonal/variable=PTOT/season=MAM/PTOT_MAM_1992_sum.tif
PTOT,AMJ,1992,https://digital-atlas.s3.amazonaws.com/domain=climate/type=observational/source=chirps-chirts-era5/region=africa/processing=seasonal/variable=PTOT/season=AMJ/PTOT_AMJ_1992_sum.tif
PTOT,MJJ,1992,https://digital-atlas.s3.amazonaws.com/domain=climate/type=observational/source=chirps-chirts-era5/region=africa/processing=seasonal/variable=PTOT/season=MJJ/PTOT_MJJ_1992_sum.tif
PTOT,JJA,1992,https://digital-atlas.s3.amazonaws.com/domain=climate/type=observational/source=chirps-chirts-era5/region=africa/processing=seasonal/variable=PTOT/season=JJA/PTOT_JJA_1992_sum.tif
PTOT,JAS,1992,https://digital-atlas.s3.amazonaws.com/domain=climate/type=observational/source=chirps-chirts-era5/region=africa/processing=seasonal/variable=PTOT/season=JAS/PTOT_JAS_1992_sum.tif
PTOT,ASO,1992,https://digital-atlas.s3.amazonaws.com/domain=climate/type=observational/source=chirps-chirts-era5/region=africa/processing=seasonal/variable=PTOT/season=ASO/PTOT_ASO_1992_sum.tif
PTOT,SON,1992,https://digital-atlas.s3.amazonaws.com/domain=climate/type=observational/source=chirps-chirts-era5/region=africa/processing=seasonal/variable=PTOT/season=SON/PTOT_SON_1992_sum.tif
PTOT,OND,1992,https://digital-atlas.s3.amazonaws.com/domain=climate/type=observational/source=chirps-chirts-era5/region=africa/processing=seasonal/variable=PTOT/season=OND/PTOT_OND_1992_sum.tif
PTOT,NDJ,1992,https://digital-atlas.s3.amazonaws.com/domain=climate/type=observational/source=chirps-chirts-era5/region=africa/processing=seasonal/variable=PTOT/season=NDJ/PTOT_NDJ_1992_sum.tif
PTOT,DJF,1992,https://digital-atlas.s3.amazonaws.com/domain=climate/type=observational/source=chirps-chirts-era5/region=africa/processing=seasonal/variable=PTOT/season=DJF/PTOT_DJF_1992_sum.tif
PTOT,JFM,1993,https://digital-atlas.s3.amazonaws.com/domain=climate/type=observational/source=chirps-chirts-era5/region=africa/processing=seasonal/variable=PTOT/season=JFM/PTOT_JFM_1993_sum.tif
PTOT,FMA,1993,https://digital-atlas.s3.amazonaws.com/domain=climate/type=observational/source=chirps-chirts-era5/region=africa/processing=seasonal/variable=PTOT/season=FMA/PTOT_FMA_1993_sum.tif
PTOT,MAM,1993,https://digital-atlas.s3.amazonaws.com/domain=climate/type=observational/source=chirps-chirts-era5/region=africa/processing=seasonal/variable=PTOT/season=MAM/PTOT_MAM_1993_sum.tif
PTOT,AMJ,1993,https://digital-atlas.s3.amazonaws.com/domain=climate/type=observational/source=chirps-chirts-era5/region=africa/processing=seasonal/variable=PTOT/season=AMJ/PTOT_AMJ_1993_sum.tif
PTOT,MJJ,1993,https://digital-atlas.s3.amazonaws.com/domain=climate/type=observational/source=chirps-chirts-era5/region=africa/processing=seasonal/variable=PTOT/season=MJJ/PTOT_MJJ_1993_sum.tif
PTOT,JJA,1993,https://digital-atlas.s3.amazonaws.com/domain=climate/type=observational/source=chirps-chirts-era5/region=africa/processing=seasonal/variable=PTOT/season=JJA/PTOT_JJA_1993_sum.tif
PTOT,JAS,1993,https://digital-atlas.s3.amazonaws.com/domain=climate/type=observational/source=chirps-chirts-era5/region=africa/processing=seasonal/variable=PTOT/season=JAS/PTOT_JAS_1993_sum.tif
PTOT,ASO,1993,https://digital-atlas.s3.amazonaws.com/domain=climate/type=observational/source=chirps-chirts-era5/region=africa/processing=seasonal/variable=PTOT/season=ASO/PTOT_ASO_1993_sum.tif
PTOT,SON,1993,https://digital-atlas.s3.amazonaws.com/domain=climate/type=observational/source=chirps-chirts-era5/region=africa/processing=seasonal/variable=PTOT/season=SON/PTOT_SON_1993_sum.tif
PTOT,OND,1993,https://digital-atlas.s3.amazonaws.com/domain=climate/type=observational/source=chirps-chirts-era5/region=africa/processing=seasonal/variable=PTOT/season=OND/PTOT_OND_1993_sum.tif
PTOT,NDJ,1993,https://digital-atlas.s3.amazonaws.com/domain=climate/type=observational/source=chirps-chirts-era5/region=africa/processing=seasonal/variable=PTOT/season=NDJ/PTOT_NDJ_1993_sum.tif
PTOT,DJF,1993,https://digital-atlas.s3.amazonaws.com/domain=climate/type=observational/source=chirps-chirts-era5/region=africa/processing=seasonal/variable=PTOT/season=DJF/PTOT_DJF_1993_sum.tif
PTOT,JFM,1994,https://digital-atlas.s3.amazonaws.com/domain=climate/type=observational/source=chirps-chirts-era5/region=africa/processing=seasonal/variable=PTOT/season=JFM/PTOT_JFM_1994_sum.tif
PTOT,FMA,1994,https://digital-atlas.s3.amazonaws.com/domain=climate/type=observational/source=chirps-chirts-era5/region=africa/processing=seasonal/variable=PTOT/season=FMA/PTOT_FMA_1994_sum.tif
PTOT,MAM,1994,https://digital-atlas.s3.amazonaws.com/domain=climate/type=observational/source=chirps-chirts-era5/region=africa/processing=seasonal/variable=PTOT/season=MAM/PTOT_MAM_1994_sum.tif
PTOT,AMJ,1994,https://digital-atlas.s3.amazonaws.com/domain=climate/type=observational/source=chirps-chirts-era5/region=africa/processing=seasonal/variable=PTOT/season=AMJ/PTOT_AMJ_1994_sum.tif
PTOT,MJJ,1994,https://digital-atlas.s3.amazonaws.com/domain=climate/type=observational/source=chirps-chirts-era5/region=africa/processing=seasonal/variable=PTOT/season=MJJ/PTOT_MJJ_1994_sum.tif
PTOT,JJA,1994,https://digital-atlas.s3.amazonaws.com/domain=climate/type=observational/source=chirps-chirts-era5/region=africa/processing=seasonal/variable=PTOT/season=JJA/PTOT_JJA_1994_sum.tif
PTOT,JAS,1994,https://digital-atlas.s3.amazonaws.com/domain=climate/type=observational/source=chirps-chirts-era5/region=africa/processing=seasonal/variable=PTOT/season=JAS/PTOT_JAS_1994_sum.tif
PTOT,ASO,1994,https://digital-atlas.s3.amazonaws.com/domain=climate/type=observational/source=chirps-chirts-era5/region=africa/processing=seasonal/variable=PTOT/season=ASO/PTOT_ASO_1994_sum.tif
PTOT,SON,1994,https://digital-atlas.s3.amazonaws.com/domain=climate/type=observational/source=chirps-chirts-era5/region=africa/processing=seasonal/variable=PTOT/season=SON/PTOT_SON_1994_sum.tif
PTOT,OND,1994,https://digital-atlas.s3.amazonaws.com/domain=climate/type=observational/source=chirps-chirts-era5/region=africa/processing=seasonal/variable=PTOT/season=OND/PTOT_OND_1994_sum.tif
PTOT,NDJ,1994,https://digital-atlas.s3.amazonaws.com/domain=climate/type=observational/source=chirps-chirts-era5/region=africa/processing=seasonal/variable=PTOT/season=NDJ/PTOT_NDJ_1994_sum.tif
PTOT,DJF,1994,https://digital-atlas.s3.amazonaws.com/domain=climate/type=observational/source=chirps-chirts-era5/region=africa/processing=seasonal/variable=PTOT/season=DJF/PTOT_DJF_1994_sum.tif
PTOT,JFM,1995,https://digital-atlas.s3.amazonaws.com/domain=climate/type=observational/source=chirps-chirts-era5/region=africa/processing=seasonal/variable=PTOT/season=JFM/PTOT_JFM_1995_sum.tif
PTOT,FMA,1995,https://digital-atlas.s3.amazonaws.com/domain=climate/type=observational/source=chirps-chirts-era5/region=africa/processing=seasonal/variable=PTOT/season=FMA/PTOT_FMA_1995_sum.tif
PTOT,MAM,1995,https://digital-atlas.s3.amazonaws.com/domain=climate/type=observational/source=chirps-chirts-era5/region=africa/processing=seasonal/variable=PTOT/season=MAM/PTOT_MAM_1995_sum.tif
PTOT,AMJ,1995,https://digital-atlas.s3.amazonaws.com/domain=climate/type=observational/source=chirps-chirts-era5/region=africa/processing=seasonal/variable=PTOT/season=AMJ/PTOT_AMJ_1995_sum.tif
PTOT,MJJ,1995,https://digital-atlas.s3.amazonaws.com/domain=climate/type=observational/source=chirps-chirts-era5/region=africa/processing=seasonal/variable=PTOT/season=MJJ/PTOT_MJJ_1995_sum.tif
PTOT,JJA,1995,https://digital-atlas.s3.amazonaws.com/domain=climate/type=observational/source=chirps-chirts-era5/region=africa/processing=seasonal/variable=PTOT/season=JJA/PTOT_JJA_1995_sum.tif
PTOT,JAS,1995,https://digital-atlas.s3.amazonaws.com/domain=climate/type=observational/source=chirps-chirts-era5/region=africa/processing=seasonal/variable=PTOT/season=JAS/PTOT_JAS_1995_sum.tif
PTOT,ASO,1995,https://digital-atlas.s3.amazonaws.com/domain=climate/type=observational/source=chirps-chirts-era5/region=africa/processing=seasonal/variable=PTOT/season=ASO/PTOT_ASO_1995_sum.tif
PTOT,SON,1995,https://digital-atlas.s3.amazonaws.com/domain=climate/type=observational/source=chirps-chirts-era5/region=africa/processing=seasonal/variable=PTOT/season=SON/PTOT_SON_1995_sum.tif
PTOT,OND,1995,https://digital-atlas.s3.amazonaws.com/domain=climate/type=observational/source=chirps-chirts-era5/region=africa/processing=seasonal/variable=PTOT/season=OND/PTOT_OND_1995_sum.tif
PTOT,NDJ,1995,https://digital-atlas.s3.amazonaws.com/domain=climate/type=observational/source=chirps-chirts-era5/region=africa/processing=seasonal/variable=PTOT/season=NDJ/PTOT_NDJ_1995_sum.tif
PTOT,DJF,1995,https://digital-atlas.s3.amazonaws.com/domain=climate/type=observational/source=chirps-chirts-era5/region=africa/processing=seasonal/variable=PTOT/season=DJF/PTOT_DJF_1995_sum.tif
PTOT,JFM,1996,https://digital-atlas.s3.amazonaws.com/domain=climate/type=observational/source=chirps-chirts-era5/region=africa/processing=seasonal/variable=PTOT/season=JFM/PTOT_JFM_1996_sum.tif
PTOT,FMA,1996,https://digital-atlas.s3.amazonaws.com/domain=climate/type=observational/source=chirps-chirts-era5/region=africa/processing=seasonal/variable=PTOT/season=FMA/PTOT_FMA_1996_sum.tif
PTOT,MAM,1996,https://digital-atlas.s3.amazonaws.com/domain=climate/type=observational/source=chirps-chirts-era5/region=africa/processing=seasonal/variable=PTOT/season=MAM/PTOT_MAM_1996_sum.tif
PTOT,AMJ,1996,https://digital-atlas.s3.amazonaws.com/domain=climate/type=observational/source=chirps-chirts-era5/region=africa/processing=seasonal/variable=PTOT/season=AMJ/PTOT_AMJ_1996_sum.tif
PTOT,MJJ,1996,https://digital-atlas.s3.amazonaws.com/domain=climate/type=observational/source=chirps-chirts-era5/region=africa/processing=seasonal/variable=PTOT/season=MJJ/PTOT_MJJ_1996_sum.tif
PTOT,JJA,1996,https://digital-atlas.s3.amazonaws.com/domain=climate/type=observational/source=chirps-chirts-era5/region=africa/processing=seasonal/variable=PTOT/season=JJA/PTOT_JJA_1996_sum.tif
PTOT,JAS,1996,https://digital-atlas.s3.amazonaws.com/domain=climate/type=observational/source=chirps-chirts-era5/region=africa/processing=seasonal/variable=PTOT/season=JAS/PTOT_JAS_1996_sum.tif
PTOT,ASO,1996,https://digital-atlas.s3.amazonaws.com/domain=climate/type=observational/source=chirps-chirts-era5/region=africa/processing=seasonal/variable=PTOT/season=ASO/PTOT_ASO_1996_sum.tif
PTOT,SON,1996,https://digital-atlas.s3.amazonaws.com/domain=climate/type=observational/source=chirps-chirts-era5/region=africa/processing=seasonal/variable=PTOT/season=SON/PTOT_SON_1996_sum.tif
PTOT,OND,1996,https://digital-atlas.s3.amazonaws.com/domain=climate/type=observational/source=chirps-chirts-era5/region=africa/processing=seasonal/variable=PTOT/season=OND/PTOT_OND_1996_sum.tif
PTOT,NDJ,1996,https://digital-atlas.s3.amazonaws.com/domain=climate/type=observational/source=chirps-chirts-era5/region=africa/processing=seasonal/variable=PTOT/season=NDJ/PTOT_NDJ_1996_sum.tif
PTOT,DJF,1996,https://digital-atlas.s3.amazonaws.com/domain=climate/type=observational/source=chirps-chirts-era5/region=africa/processing=seasonal/variable=PTOT/season=DJF/PTOT_DJF_1996_sum.tif
PTOT,JFM,1997,https://digital-atlas.s3.amazonaws.com/domain=climate/type=observational/source=chirps-chirts-era5/region=africa/processing=seasonal/variable=PTOT/season=JFM/PTOT_JFM_1997_sum.tif
PTOT,FMA,1997,https://digital-atlas.s3.amazonaws.com/domain=climate/type=observational/source=chirps-chirts-era5/region=africa/processing=seasonal/variable=PTOT/season=FMA/PTOT_FMA_1997_sum.tif
PTOT,MAM,1997,https://digital-atlas.s3.amazonaws.com/domain=climate/type=observational/source=chirps-chirts-era5/region=africa/processing=seasonal/variable=PTOT/season=MAM/PTOT_MAM_1997_sum.tif
PTOT,AMJ,1997,https://digital-atlas.s3.amazonaws.com/domain=climate/type=observational/source=chirps-chirts-era5/region=africa/processing=seasonal/variable=PTOT/season=AMJ/PTOT_AMJ_1997_sum.tif
PTOT,MJJ,1997,https://digital-atlas.s3.amazonaws.com/domain=climate/type=observational/source=chirps-chirts-era5/region=africa/processing=seasonal/variable=PTOT/season=MJJ/PTOT_MJJ_1997_sum.tif
PTOT,JJA,1997,https://digital-atlas.s3.amazonaws.com/domain=climate/type=observational/source=chirps-chirts-era5/region=africa/processing=seasonal/variable=PTOT/season=JJA/PTOT_JJA_1997_sum.tif
PTOT,JAS,1997,https://digital-atlas.s3.amazonaws.com/domain=climate/type=observational/source=chirps-chirts-era5/region=africa/processing=seasonal/variable=PTOT/season=JAS/PTOT_JAS_1997_sum.tif
PTOT,ASO,1997,https://digital-atlas.s3.amazonaws.com/domain=climate/type=observational/source=chirps-chirts-era5/region=africa/processing=seasonal/variable=PTOT/season=ASO/PTOT_ASO_1997_sum.tif
PTOT,SON,1997,https://digital-atlas.s3.amazonaws.com/domain=climate/type=observational/source=chirps-chirts-era5/region=africa/processing=seasonal/variable=PTOT/season=SON/PTOT_SON_1997_sum.tif
PTOT,OND,1997,https://digital-atlas.s3.amazonaws.com/domain=climate/type=observational/source=chirps-chirts-era5/region=africa/processing=seasonal/variable=PTOT/season=OND/PTOT_OND_1997_sum.tif
PTOT,NDJ,1997,https://digital-atlas.s3.amazonaws.com/domain=climate/type=observational/source=chirps-chirts-era5/region=africa/processing=seasonal/variable=PTOT/season=NDJ/PTOT_NDJ_1997_sum.tif
PTOT,DJF,1997,https://digital-atlas.s3.amazonaws.com/domain=climate/type=observational/source=chirps-chirts-era5/region=africa/processing=seasonal/variable=PTOT/season=DJF/PTOT_DJF_1997_sum.tif
PTOT,JFM,1998,https://digital-atlas.s3.amazonaws.com/domain=climate/type=observational/source=chirps-chirts-era5/region=africa/processing=seasonal/variable=PTOT/season=JFM/PTOT_JFM_1998_sum.tif
PTOT,FMA,1998,https://digital-atlas.s3.amazonaws.com/domain=climate/type=observational/source=chirps-chirts-era5/region=africa/processing=seasonal/variable=PTOT/season=FMA/PTOT_FMA_1998_sum.tif
PTOT,MAM,1998,https://digital-atlas.s3.amazonaws.com/domain=climate/type=observational/source=chirps-chirts-era5/region=africa/processing=seasonal/variable=PTOT/season=MAM/PTOT_MAM_1998_sum.tif
PTOT,AMJ,1998,https://digital-atlas.s3.amazonaws.com/domain=climate/type=observational/source=chirps-chirts-era5/region=africa/processing=seasonal/variable=PTOT/season=AMJ/PTOT_AMJ_1998_sum.tif
PTOT,MJJ,1998,https://digital-atlas.s3.amazonaws.com/domain=climate/type=observational/source=chirps-chirts-era5/region=africa/processing=seasonal/variable=PTOT/season=MJJ/PTOT_MJJ_1998_sum.tif
PTOT,JJA,1998,https://digital-atlas.s3.amazonaws.com/domain=climate/type=observational/source=chirps-chirts-era5/region=africa/processing=seasonal/variable=PTOT/season=JJA/PTOT_JJA_1998_sum.tif
PTOT,JAS,1998,https://digital-atlas.s3.amazonaws.com/domain=climate/type=observational/source=chirps-chirts-era5/region=africa/processing=seasonal/variable=PTOT/season=JAS/PTOT_JAS_1998_sum.tif
PTOT,ASO,1998,https://digital-atlas.s3.amazonaws.com/domain=climate/type=observational/source=chirps-chirts-era5/region=africa/processing=seasonal/variable=PTOT/season=ASO/PTOT_ASO_1998_sum.tif
PTOT,SON,1998,https://digital-atlas.s3.amazonaws.com/domain=climate/type=observational/source=chirps-chirts-era5/region=africa/processing=seasonal/variable=PTOT/season=SON/PTOT_SON_1998_sum.tif
PTOT,OND,1998,https://digital-atlas.s3.amazonaws.com/domain=climate/type=observational/source=chirps-chirts-era5/region=africa/processing=seasonal/variable=PTOT/season=OND/PTOT_OND_1998_sum.tif
PTOT,NDJ,1998,https://digital-atlas.s3.amazonaws.com/domain=climate/type=observational/source=chirps-chirts-era5/region=africa/processing=seasonal/variable=PTOT/season=NDJ/PTOT_NDJ_1998_sum.tif
PTOT,DJF,1998,https://digital-atlas.s3.amazonaws.com/domain=climate/type=observational/source=chirps-chirts-era5/region=africa/processing=seasonal/variable=PTOT/season=DJF/PTOT_DJF_1998_sum.tif
PTOT,JFM,1999,https://digital-atlas.s3.amazonaws.com/domain=climate/type=observational/source=chirps-chirts-era5/region=africa/processing=seasonal/variable=PTOT/season=JFM/PTOT_JFM_1999_sum.tif
PTOT,FMA,1999,https://digital-atlas.s3.amazonaws.com/domain=climate/type=observational/source=chirps-chirts-era5/region=africa/processing=seasonal/variable=PTOT/season=FMA/PTOT_FMA_1999_sum.tif
PTOT,MAM,1999,https://digital-atlas.s3.amazonaws.com/domain=climate/type=observational/source=chirps-chirts-era5/region=africa/processing=seasonal/variable=PTOT/season=MAM/PTOT_MAM_1999_sum.tif
PTOT,AMJ,1999,https://digital-atlas.s3.amazonaws.com/domain=climate/type=observational/source=chirps-chirts-era5/region=africa/processing=seasonal/variable=PTOT/season=AMJ/PTOT_AMJ_1999_sum.tif
PTOT,MJJ,1999,https://digital-atlas.s3.amazonaws.com/domain=climate/type=observational/source=chirps-chirts-era5/region=africa/processing=seasonal/variable=PTOT/season=MJJ/PTOT_MJJ_1999_sum.tif
PTOT,JJA,1999,https://digital-atlas.s3.amazonaws.com/domain=climate/type=observational/source=chirps-chirts-era5/region=africa/processing=seasonal/variable=PTOT/season=JJA/PTOT_JJA_1999_sum.tif
PTOT,JAS,1999,https://digital-atlas.s3.amazonaws.com/domain=climate/type=observational/source=chirps-chirts-era5/region=africa/processing=seasonal/variable=PTOT/season=JAS/PTOT_JAS_1999_sum.tif
PTOT,ASO,1999,https://digital-atlas.s3.amazonaws.com/domain=climate/type=observational/source=chirps-chirts-era5/region=africa/processing=seasonal/variable=PTOT/season=ASO/PTOT_ASO_1999_sum.tif
PTOT,SON,1999,https://digital-atlas.s3.amazonaws.com/domain=climate/type=observational/source=chirps-chirts-era5/region=africa/processing=seasonal/variable=PTOT/season=SON/PTOT_SON_1999_sum.tif
PTOT,OND,1999,https://digital-atlas.s3.amazonaws.com/domain=climate/type=observational/source=chirps-chirts-era5/region=africa/processing=seasonal/variable=PTOT/season=OND/PTOT_OND_1999_sum.tif
PTOT,NDJ,1999,https://digital-atlas.s3.amazonaws.com/domain=climate/type=observational/source=chirps-chirts-era5/region=africa/processing=seasonal/variable=PTOT/season=NDJ/PTOT_NDJ_1999_sum.tif
PTOT,DJF,1999,https://digital-atlas.s3.amazonaws.com/domain=climate/type=observational/source=chirps-chirts-era5/region=africa/processing=seasonal/variable=PTOT/season=DJF/PTOT_DJF_1999_sum.tif
PTOT,JFM,2000,https://digital-atlas.s3.amazonaws.com/domain=climate/type=observational/source=chirps-chirts-era5/region=africa/processing=seasonal/variable=PTOT/season=JFM/PTOT_JFM_2000_sum.tif
PTOT,FMA,2000,https://digital-atlas.s3.amazonaws.com/domain=climate/type=observational/source=chirps-chirts-era5/region=africa/processing=seasonal/variable=PTOT/season=FMA/PTOT_FMA_2000_sum.tif
PTOT,MAM,2000,https://digital-atlas.s3.amazonaws.com/domain=climate/type=observational/source=chirps-chirts-era5/region=africa/processing=seasonal/variable=PTOT/season=MAM/PTOT_MAM_2000_sum.tif
PTOT,AMJ,2000,https://digital-atlas.s3.amazonaws.com/domain=climate/type=observational/source=chirps-chirts-era5/region=africa/processing=seasonal/variable=PTOT/season=AMJ/PTOT_AMJ_2000_sum.tif
PTOT,MJJ,2000,https://digital-atlas.s3.amazonaws.com/domain=climate/type=observational/source=chirps-chirts-era5/region=africa/processing=seasonal/variable=PTOT/season=MJJ/PTOT_MJJ_2000_sum.tif
PTOT,JJA,2000,https://digital-atlas.s3.amazonaws.com/domain=climate/type=observational/source=chirps-chirts-era5/region=africa/processing=seasonal/variable=PTOT/season=JJA/PTOT_JJA_2000_sum.tif
PTOT,JAS,2000,https://digital-atlas.s3.amazonaws.com/domain=climate/type=observational/source=chirps-chirts-era5/region=africa/processing=seasonal/variable=PTOT/season=JAS/PTOT_JAS_2000_sum.tif
PTOT,ASO,2000,https://digital-atlas.s3.amazonaws.com/domain=climate/type=observational/source=chirps-chirts-era5/region=africa/processing=seasonal/variable=PTOT/season=ASO/PTOT_ASO_2000_sum.tif
PTOT,SON,2000,https://digital-atlas.s3.amazonaws.com/domain=climate/type=observational/source=chirps-chirts-era5/region=africa/processing=seasonal/variable=PTOT/season=SON/PTOT_SON_2000_sum.tif
PTOT,OND,2000,https://digital-atlas.s3.amazonaws.com/domain=climate/type=observational/source=chirps-chirts-era5/region=africa/processing=seasonal/variable=PTOT/season=OND/PTOT_OND_2000_sum.tif
PTOT,NDJ,2000,https://digital-atlas.s3.amazonaws.com/domain=climate/type=observational/source=chirps-chirts-era5/region=africa/processing=seasonal/variable=PTOT/season=NDJ/PTOT_NDJ_2000_sum.tif
PTOT,DJF,2000,https://digital-atlas.s3.amazonaws.com/domain=climate/type=observational/source=chirps-chirts-era5/region=africa/processing=seasonal/variable=PTOT/season=DJF/PTOT_DJF_2000_sum.tif
PTOT,JFM,2001,https://digital-atlas.s3.amazonaws.com/domain=climate/type=observational/source=chirps-chirts-era5/region=africa/processing=seasonal/variable=PTOT/season=JFM/PTOT_JFM_2001_sum.tif
PTOT,FMA,2001,https://digital-atlas.s3.amazonaws.com/domain=climate/type=observational/source=chirps-chirts-era5/region=africa/processing=seasonal/variable=PTOT/season=FMA/PTOT_FMA_2001_sum.tif
PTOT,MAM,2001,https://digital-atlas.s3.amazonaws.com/domain=climate/type=observational/source=chirps-chirts-era5/region=africa/processing=seasonal/variable=PTOT/season=MAM/PTOT_MAM_2001_sum.tif
PTOT,AMJ,2001,https://digital-atlas.s3.amazonaws.com/domain=climate/type=observational/source=chirps-chirts-era5/region=africa/processing=seasonal/variable=PTOT/season=AMJ/PTOT_AMJ_2001_sum.tif
PTOT,MJJ,2001,https://digital-atlas.s3.amazonaws.com/domain=climate/type=observational/source=chirps-chirts-era5/region=africa/processing=seasonal/variable=PTOT/season=MJJ/PTOT_MJJ_2001_sum.tif
PTOT,JJA,2001,https://digital-atlas.s3.amazonaws.com/domain=climate/type=observational/source=chirps-chirts-era5/region=africa/processing=seasonal/variable=PTOT/season=JJA/PTOT_JJA_2001_sum.tif
PTOT,JAS,2001,https://digital-atlas.s3.amazonaws.com/domain=climate/type=observational/source=chirps-chirts-era5/region=africa/processing=seasonal/variable=PTOT/season=JAS/PTOT_JAS_2001_sum.tif
PTOT,ASO,2001,https://digital-atlas.s3.amazonaws.com/domain=climate/type=observational/source=chirps-chirts-era5/region=africa/processing=seasonal/variable=PTOT/season=ASO/PTOT_ASO_2001_sum.tif
PTOT,SON,2001,https://digital-atlas.s3.amazonaws.com/domain=climate/type=observational/source=chirps-chirts-era5/region=africa/processing=seasonal/variable=PTOT/season=SON/PTOT_SON_2001_sum.tif
PTOT,OND,2001,https://digital-atlas.s3.amazonaws.com/domain=climate/type=observational/source=chirps-chirts-era5/region=africa/processing=seasonal/variable=PTOT/season=OND/PTOT_OND_2001_sum.tif
PTOT,NDJ,2001,https://digital-atlas.s3.amazonaws.com/domain=climate/type=observational/source=chirps-chirts-era5/region=africa/processing=seasonal/variable=PTOT/season=NDJ/PTOT_NDJ_2001_sum.tif
PTOT,DJF,2001,https://digital-atlas.s3.amazonaws.com/domain=climate/type=observational/source=chirps-chirts-era5/region=africa/processing=seasonal/variable=PTOT/season=DJF/PTOT_DJF_2001_sum.tif
PTOT,JFM,2002,https://digital-atlas.s3.amazonaws.com/domain=climate/type=observational/source=chirps-chirts-era5/region=africa/processing=seasonal/variable=PTOT/season=JFM/PTOT_JFM_2002_sum.tif
PTOT,FMA,2002,https://digital-atlas.s3.amazonaws.com/domain=climate/type=observational/source=chirps-chirts-era5/region=africa/processing=seasonal/variable=PTOT/season=FMA/PTOT_FMA_2002_sum.tif
PTOT,MAM,2002,https://digital-atlas.s3.amazonaws.com/domain=climate/type=observational/source=chirps-chirts-era5/region=africa/processing=seasonal/variable=PTOT/season=MAM/PTOT_MAM_2002_sum.tif
PTOT,AMJ,2002,https://digital-atlas.s3.amazonaws.com/domain=climate/type=observational/source=chirps-chirts-era5/region=africa/processing=seasonal/variable=PTOT/season=AMJ/PTOT_AMJ_2002_sum.tif
PTOT,MJJ,2002,https://digital-atlas.s3.amazonaws.com/domain=climate/type=observational/source=chirps-chirts-era5/region=africa/processing=seasonal/variable=PTOT/season=MJJ/PTOT_MJJ_2002_sum.tif
PTOT,JJA,2002,https://digital-atlas.s3.amazonaws.com/domain=climate/type=observational/source=chirps-chirts-era5/region=africa/processing=seasonal/variable=PTOT/season=JJA/PTOT_JJA_2002_sum.tif
PTOT,JAS,2002,https://digital-atlas.s3.amazonaws.com/domain=climate/type=observational/source=chirps-chirts-era5/region=africa/processing=seasonal/variable=PTOT/season=JAS/PTOT_JAS_2002_sum.tif
PTOT,ASO,2002,https://digital-atlas.s3.amazonaws.com/domain=climate/type=observational/source=chirps-chirts-era5/region=africa/processing=seasonal/variable=PTOT/season=ASO/PTOT_ASO_2002_sum.tif
PTOT,SON,2002,https://digital-atlas.s3.amazonaws.com/domain=climate/type=observational/source=chirps-chirts-era5/region=africa/processing=seasonal/variable=PTOT/season=SON/PTOT_SON_2002_sum.tif
PTOT,OND,2002,https://digital-atlas.s3.amazonaws.com/domain=climate/type=observational/source=chirps-chirts-era5/region=africa/processing=seasonal/variable=PTOT/season=OND/PTOT_OND_2002_sum.tif
PTOT,NDJ,2002,https://digital-atlas.s3.amazonaws.com/domain=climate/type=observational/source=chirps-chirts-era5/region=africa/processing=seasonal/variable=PTOT/season=NDJ/PTOT_NDJ_2002_sum.tif
PTOT,DJF,2002,https://digital-atlas.s3.amazonaws.com/domain=climate/type=observational/source=chirps-chirts-era5/region=africa/processing=seasonal/variable=PTOT/season=DJF/PTOT_DJF_2002_sum.tif
PTOT,JFM,2003,https://digital-atlas.s3.amazonaws.com/domain=climate/type=observational/source=chirps-chirts-era5/region=africa/processing=seasonal/variable=PTOT/season=JFM/PTOT_JFM_2003_sum.tif
PTOT,FMA,2003,https://digital-atlas.s3.amazonaws.com/domain=climate/type=observational/source=chirps-chirts-era5/region=africa/processing=seasonal/variable=PTOT/season=FMA/PTOT_FMA_2003_sum.tif
PTOT,MAM,2003,https://digital-atlas.s3.amazonaws.com/domain=climate/type=observational/source=chirps-chirts-era5/region=africa/processing=seasonal/variable=PTOT/season=MAM/PTOT_MAM_2003_sum.tif
PTOT,AMJ,2003,https://digital-atlas.s3.amazonaws.com/domain=climate/type=observational/source=chirps-chirts-era5/region=africa/processing=seasonal/variable=PTOT/season=AMJ/PTOT_AMJ_2003_sum.tif
PTOT,MJJ,2003,https://digital-atlas.s3.amazonaws.com/domain=climate/type=observational/source=chirps-chirts-era5/region=africa/processing=seasonal/variable=PTOT/season=MJJ/PTOT_MJJ_2003_sum.tif
PTOT,JJA,2003,https://digital-atlas.s3.amazonaws.com/domain=climate/type=observational/source=chirps-chirts-era5/region=africa/processing=seasonal/variable=PTOT/season=JJA/PTOT_JJA_2003_sum.tif
PTOT,JAS,2003,https://digital-atlas.s3.amazonaws.com/domain=climate/type=observational/source=chirps-chirts-era5/region=africa/processing=seasonal/variable=PTOT/season=JAS/PTOT_JAS_2003_sum.tif
PTOT,ASO,2003,https://digital-atlas.s3.amazonaws.com/domain=climate/type=observational/source=chirps-chirts-era5/region=africa/processing=seasonal/variable=PTOT/season=ASO/PTOT_ASO_2003_sum.tif
PTOT,SON,2003,https://digital-atlas.s3.amazonaws.com/domain=climate/type=observational/source=chirps-chirts-era5/region=africa/processing=seasonal/variable=PTOT/season=SON/PTOT_SON_2003_sum.tif
PTOT,OND,2003,https://digital-atlas.s3.amazonaws.com/domain=climate/type=observational/source=chirps-chirts-era5/region=africa/processing=seasonal/variable=PTOT/season=OND/PTOT_OND_2003_sum.tif
PTOT,NDJ,2003,https://digital-atlas.s3.amazonaws.com/domain=climate/type=observational/source=chirps-chirts-era5/region=africa/processing=seasonal/variable=PTOT/season=NDJ/PTOT_NDJ_2003_sum.tif
PTOT,DJF,2003,https://digital-atlas.s3.amazonaws.com/domain=climate/type=observational/source=chirps-chirts-era5/region=africa/processing=seasonal/variable=PTOT/season=DJF/PTOT_DJF_2003_sum.tif
PTOT,JFM,2004,https://digital-atlas.s3.amazonaws.com/domain=climate/type=observational/source=chirps-chirts-era5/region=africa/processing=seasonal/variable=PTOT/season=JFM/PTOT_JFM_2004_sum.tif
PTOT,FMA,2004,https://digital-atlas.s3.amazonaws.com/domain=climate/type=observational/source=chirps-chirts-era5/region=africa/processing=seasonal/variable=PTOT/season=FMA/PTOT_FMA_2004_sum.tif
PTOT,MAM,2004,https://digital-atlas.s3.amazonaws.com/domain=climate/type=observational/source=chirps-chirts-era5/region=africa/processing=seasonal/variable=PTOT/season=MAM/PTOT_MAM_2004_sum.tif
PTOT,AMJ,2004,https://digital-atlas.s3.amazonaws.com/domain=climate/type=observational/source=chirps-chirts-era5/region=africa/processing=seasonal/variable=PTOT/season=AMJ/PTOT_AMJ_2004_sum.tif
PTOT,MJJ,2004,https://digital-atlas.s3.amazonaws.com/domain=climate/type=observational/source=chirps-chirts-era5/region=africa/processing=seasonal/variable=PTOT/season=MJJ/PTOT_MJJ_2004_sum.tif
PTOT,JJA,2004,https://digital-atlas.s3.amazonaws.com/domain=climate/type=observational/source=chirps-chirts-era5/region=africa/processing=seasonal/variable=PTOT/season=JJA/PTOT_JJA_2004_sum.tif
PTOT,JAS,2004,https://digital-atlas.s3.amazonaws.com/domain=climate/type=observational/source=chirps-chirts-era5/region=africa/processing=seasonal/variable=PTOT/season=JAS/PTOT_JAS_2004_sum.tif
PTOT,ASO,2004,https://digital-atlas.s3.amazonaws.com/domain=climate/type=observational/source=chirps-chirts-era5/region=africa/processing=seasonal/variable=PTOT/season=ASO/PTOT_ASO_2004_sum.tif
PTOT,SON,2004,https://digital-atlas.s3.amazonaws.com/domain=climate/type=observational/source=chirps-chirts-era5/region=africa/processing=seasonal/variable=PTOT/season=SON/PTOT_SON_2004_sum.tif
PTOT,OND,2004,https://digital-atlas.s3.amazonaws.com/domain=climate/type=observational/source=chirps-chirts-era5/region=africa/processing=seasonal/variable=PTOT/season=OND/PTOT_OND_2004_sum.tif
PTOT,NDJ,2004,https://digital-atlas.s3.amazonaws.com/domain=climate/type=observational/source=chirps-chirts-era5/region=africa/processing=seasonal/variable=PTOT/season=NDJ/PTOT_NDJ_2004_sum.tif
PTOT,DJF,2004,https://digital-atlas.s3.amazonaws.com/domain=climate/type=observational/source=chirps-chirts-era5/region=africa/processing=seasonal/variable=PTOT/season=DJF/PTOT_DJF_2004_sum.tif
PTOT,JFM,2005,https://digital-atlas.s3.amazonaws.com/domain=climate/type=observational/source=chirps-chirts-era5/region=africa/processing=seasonal/variable=PTOT/season=JFM/PTOT_JFM_2005_sum.tif
PTOT,FMA,2005,https://digital-atlas.s3.amazonaws.com/domain=climate/type=observational/source=chirps-chirts-era5/region=africa/processing=seasonal/variable=PTOT/season=FMA/PTOT_FMA_2005_sum.tif
PTOT,MAM,2005,https://digital-atlas.s3.amazonaws.com/domain=climate/type=observational/source=chirps-chirts-era5/region=africa/processing=seasonal/variable=PTOT/season=MAM/PTOT_MAM_2005_sum.tif
PTOT,AMJ,2005,https://digital-atlas.s3.amazonaws.com/domain=climate/type=observational/source=chirps-chirts-era5/region=africa/processing=seasonal/variable=PTOT/season=AMJ/PTOT_AMJ_2005_sum.tif
PTOT,MJJ,2005,https://digital-atlas.s3.amazonaws.com/domain=climate/type=observational/source=chirps-chirts-era5/region=africa/processing=seasonal/variable=PTOT/season=MJJ/PTOT_MJJ_2005_sum.tif
PTOT,JJA,2005,https://digital-atlas.s3.amazonaws.com/domain=climate/type=observational/source=chirps-chirts-era5/region=africa/processing=seasonal/variable=PTOT/season=JJA/PTOT_JJA_2005_sum.tif
PTOT,JAS,2005,https://digital-atlas.s3.amazonaws.com/domain=climate/type=observational/source=chirps-chirts-era5/region=africa/processing=seasonal/variable=PTOT/season=JAS/PTOT_JAS_2005_sum.tif
PTOT,ASO,2005,https://digital-atlas.s3.amazonaws.com/domain=climate/type=observational/source=chirps-chirts-era5/region=africa/processing=seasonal/variable=PTOT/season=ASO/PTOT_ASO_2005_sum.tif
PTOT,SON,2005,https://digital-atlas.s3.amazonaws.com/domain=climate/type=observational/source=chirps-chirts-era5/region=africa/processing=seasonal/variable=PTOT/season=SON/PTOT_SON_2005_sum.tif
PTOT,OND,2005,https://digital-atlas.s3.amazonaws.com/domain=climate/type=observational/source=chirps-chirts-era5/region=africa/processing=seasonal/variable=PTOT/season=OND/PTOT_OND_2005_sum.tif
PTOT,NDJ,2005,https://digital-atlas.s3.amazonaws.com/domain=climate/type=observational/source=chirps-chirts-era5/region=africa/processing=seasonal/variable=PTOT/season=NDJ/PTOT_NDJ_2005_sum.tif
PTOT,DJF,2005,https://digital-atlas.s3.amazonaws.com/domain=climate/type=observational/source=chirps-chirts-era5/region=africa/processing=seasonal/variable=PTOT/season=DJF/PTOT_DJF_2005_sum.tif
PTOT,JFM,2006,https://digital-atlas.s3.amazonaws.com/domain=climate/type=observational/source=chirps-chirts-era5/region=africa/processing=seasonal/variable=PTOT/season=JFM/PTOT_JFM_2006_sum.tif
PTOT,FMA,2006,https://digital-atlas.s3.amazonaws.com/domain=climate/type=observational/source=chirps-chirts-era5/region=africa/processing=seasonal/variable=PTOT/season=FMA/PTOT_FMA_2006_sum.tif
PTOT,MAM,2006,https://digital-atlas.s3.amazonaws.com/domain=climate/type=observational/source=chirps-chirts-era5/region=africa/processing=seasonal/variable=PTOT/season=MAM/PTOT_MAM_2006_sum.tif
PTOT,AMJ,2006,https://digital-atlas.s3.amazonaws.com/domain=climate/type=observational/source=chirps-chirts-era5/region=africa/processing=seasonal/variable=PTOT/season=AMJ/PTOT_AMJ_2006_sum.tif
PTOT,MJJ,2006,https://digital-atlas.s3.amazonaws.com/domain=climate/type=observational/source=chirps-chirts-era5/region=africa/processing=seasonal/variable=PTOT/season=MJJ/PTOT_MJJ_2006_sum.tif
PTOT,JJA,2006,https://digital-atlas.s3.amazonaws.com/domain=climate/type=observational/source=chirps-chirts-era5/region=africa/processing=seasonal/variable=PTOT/season=JJA/PTOT_JJA_2006_sum.tif
PTOT,JAS,2006,https://digital-atlas.s3.amazonaws.com/domain=climate/type=observational/source=chirps-chirts-era5/region=africa/processing=seasonal/variable=PTOT/season=JAS/PTOT_JAS_2006_sum.tif
PTOT,ASO,2006,https://digital-atlas.s3.amazonaws.com/domain=climate/type=observational/source=chirps-chirts-era5/region=africa/processing=seasonal/variable=PTOT/season=ASO/PTOT_ASO_2006_sum.tif
PTOT,SON,2006,https://digital-atlas.s3.amazonaws.com/domain=climate/type=observational/source=chirps-chirts-era5/region=africa/processing=seasonal/variable=PTOT/season=SON/PTOT_SON_2006_sum.tif
PTOT,OND,2006,https://digital-atlas.s3.amazonaws.com/domain=climate/type=observational/source=chirps-chirts-era5/region=africa/processing=seasonal/variable=PTOT/season=OND/PTOT_OND_2006_sum.tif
PTOT,NDJ,2006,https://digital-atlas.s3.amazonaws.com/domain=climate/type=observational/source=chirps-chirts-era5/region=africa/processing=seasonal/variable=PTOT/season=NDJ/PTOT_NDJ_2006_sum.tif
PTOT,DJF,2006,https://digital-atlas.s3.amazonaws.com/domain=climate/type=observational/source=chirps-chirts-era5/region=africa/processing=seasonal/variable=PTOT/season=DJF/PTOT_DJF_2006_sum.tif
PTOT,JFM,2007,https://digital-atlas.s3.amazonaws.com/domain=climate/type=observational/source=chirps-chirts-era5/region=africa/processing=seasonal/variable=PTOT/season=JFM/PTOT_JFM_2007_sum.tif
PTOT,FMA,2007,https://digital-atlas.s3.amazonaws.com/domain=climate/type=observational/source=chirps-chirts-era5/region=africa/processing=seasonal/variable=PTOT/season=FMA/PTOT_FMA_2007_sum.tif
PTOT,MAM,2007,https://digital-atlas.s3.amazonaws.com/domain=climate/type=observational/source=chirps-chirts-era5/region=africa/processing=seasonal/variable=PTOT/season=MAM/PTOT_MAM_2007_sum.tif
PTOT,AMJ,2007,https://digital-atlas.s3.amazonaws.com/domain=climate/type=observational/source=chirps-chirts-era5/region=africa/processing=seasonal/variable=PTOT/season=AMJ/PTOT_AMJ_2007_sum.tif
PTOT,MJJ,2007,https://digital-atlas.s3.amazonaws.com/domain=climate/type=observational/source=chirps-chirts-era5/region=africa/processing=seasonal/variable=PTOT/season=MJJ/PTOT_MJJ_2007_sum.tif
PTOT,JJA,2007,https://digital-atlas.s3.amazonaws.com/domain=climate/type=observational/source=chirps-chirts-era5/region=africa/processing=seasonal/variable=PTOT/season=JJA/PTOT_JJA_2007_sum.tif
PTOT,JAS,2007,https://digital-atlas.s3.amazonaws.com/domain=climate/type=observational/source=chirps-chirts-era5/region=africa/processing=seasonal/variable=PTOT/season=JAS/PTOT_JAS_2007_sum.tif
PTOT,ASO,2007,https://digital-atlas.s3.amazonaws.com/domain=climate/type=observational/source=chirps-chirts-era5/region=africa/processing=seasonal/variable=PTOT/season=ASO/PTOT_ASO_2007_sum.tif
PTOT,SON,2007,https://digital-atlas.s3.amazonaws.com/domain=climate/type=observational/source=chirps-chirts-era5/region=africa/processing=seasonal/variable=PTOT/season=SON/PTOT_SON_2007_sum.tif
PTOT,OND,2007,https://digital-atlas.s3.amazonaws.com/domain=climate/type=observational/source=chirps-chirts-era5/region=africa/processing=seasonal/variable=PTOT/season=OND/PTOT_OND_2007_sum.tif
PTOT,NDJ,2007,https://digital-atlas.s3.amazonaws.com/domain=climate/type=observational/source=chirps-chirts-era5/region=africa/processing=seasonal/variable=PTOT/season=NDJ/PTOT_NDJ_2007_sum.tif
PTOT,DJF,2007,https://digital-atlas.s3.amazonaws.com/domain=climate/type=observational/source=chirps-chirts-era5/region=africa/processing=seasonal/variable=PTOT/season=DJF/PTOT_DJF_2007_sum.tif
PTOT,JFM,2008,https://digital-atlas.s3.amazonaws.com/domain=climate/type=observational/source=chirps-chirts-era5/region=africa/processing=seasonal/variable=PTOT/season=JFM/PTOT_JFM_2008_sum.tif
PTOT,FMA,2008,https://digital-atlas.s3.amazonaws.com/domain=climate/type=observational/source=chirps-chirts-era5/region=africa/processing=seasonal/variable=PTOT/season=FMA/PTOT_FMA_2008_sum.tif
PTOT,MAM,2008,https://digital-atlas.s3.amazonaws.com/domain=climate/type=observational/source=chirps-chirts-era5/region=africa/processing=seasonal/variable=PTOT/season=MAM/PTOT_MAM_2008_sum.tif
PTOT,AMJ,2008,https://digital-atlas.s3.amazonaws.com/domain=climate/type=observational/source=chirps-chirts-era5/region=africa/processing=seasonal/variable=PTOT/season=AMJ/PTOT_AMJ_2008_sum.tif
PTOT,MJJ,2008,https://digital-atlas.s3.amazonaws.com/domain=climate/type=observational/source=chirps-chirts-era5/region=africa/processing=seasonal/variable=PTOT/season=MJJ/PTOT_MJJ_2008_sum.tif
PTOT,JJA,2008,https://digital-atlas.s3.amazonaws.com/domain=climate/type=observational/source=chirps-chirts-era5/region=africa/processing=seasonal/variable=PTOT/season=JJA/PTOT_JJA_2008_sum.tif
PTOT,JAS,2008,https://digital-atlas.s3.amazonaws.com/domain=climate/type=observational/source=chirps-chirts-era5/region=africa/processing=seasonal/variable=PTOT/season=JAS/PTOT_JAS_2008_sum.tif
PTOT,ASO,2008,https://digital-atlas.s3.amazonaws.com/domain=climate/type=observational/source=chirps-chirts-era5/region=africa/processing=seasonal/variable=PTOT/season=ASO/PTOT_ASO_2008_sum.tif
PTOT,SON,2008,https://digital-atlas.s3.amazonaws.com/domain=climate/type=observational/source=chirps-chirts-era5/region=africa/processing=seasonal/variable=PTOT/season=SON/PTOT_SON_2008_sum.tif
PTOT,OND,2008,https://digital-atlas.s3.amazonaws.com/domain=climate/type=observational/source=chirps-chirts-era5/region=africa/processing=seasonal/variable=PTOT/season=OND/PTOT_OND_2008_sum.tif
PTOT,NDJ,2008,https://digital-atlas.s3.amazonaws.com/domain=climate/type=observational/source=chirps-chirts-era5/region=africa/processing=seasonal/variable=PTOT/season=NDJ/PTOT_NDJ_2008_sum.tif
PTOT,DJF,2008,https://digital-atlas.s3.amazonaws.com/domain=climate/type=observational/source=chirps-chirts-era5/region=africa/processing=seasonal/variable=PTOT/season=DJF/PTOT_DJF_2008_sum.tif
PTOT,JFM,2009,https://digital-atlas.s3.amazonaws.com/domain=climate/type=observational/source=chirps-chirts-era5/region=africa/processing=seasonal/variable=PTOT/season=JFM/PTOT_JFM_2009_sum.tif
PTOT,FMA,2009,https://digital-atlas.s3.amazonaws.com/domain=climate/type=observational/source=chirps-chirts-era5/region=africa/processing=seasonal/variable=PTOT/season=FMA/PTOT_FMA_2009_sum.tif
PTOT,MAM,2009,https://digital-atlas.s3.amazonaws.com/domain=climate/type=observational/source=chirps-chirts-era5/region=africa/processing=seasonal/variable=PTOT/season=MAM/PTOT_MAM_2009_sum.tif
PTOT,AMJ,2009,https://digital-atlas.s3.amazonaws.com/domain=climate/type=observational/source=chirps-chirts-era5/region=africa/processing=seasonal/variable=PTOT/season=AMJ/PTOT_AMJ_2009_sum.tif
PTOT,MJJ,2009,https://digital-atlas.s3.amazonaws.com/domain=climate/type=observational/source=chirps-chirts-era5/region=africa/processing=seasonal/variable=PTOT/season=MJJ/PTOT_MJJ_2009_sum.tif
PTOT,JJA,2009,https://digital-atlas.s3.amazonaws.com/domain=climate/type=observational/source=chirps-chirts-era5/region=africa/processing=seasonal/variable=PTOT/season=JJA/PTOT_JJA_2009_sum.tif
PTOT,JAS,2009,https://digital-atlas.s3.amazonaws.com/domain=climate/type=observational/source=chirps-chirts-era5/region=africa/processing=seasonal/variable=PTOT/season=JAS/PTOT_JAS_2009_sum.tif
PTOT,ASO,2009,https://digital-atlas.s3.amazonaws.com/domain=climate/type=observational/source=chirps-chirts-era5/region=africa/processing=seasonal/variable=PTOT/season=ASO/PTOT_ASO_2009_sum.tif
PTOT,SON,2009,https://digital-atlas.s3.amazonaws.com/domain=climate/type=observational/source=chirps-chirts-era5/region=africa/processing=seasonal/variable=PTOT/season=SON/PTOT_SON_2009_sum.tif
PTOT,OND,2009,https://digital-atlas.s3.amazonaws.com/domain=climate/type=observational/source=chirps-chirts-era5/region=africa/processing=seasonal/variable=PTOT/season=OND/PTOT_OND_2009_sum.tif
PTOT,NDJ,2009,https://digital-atlas.s3.amazonaws.com/domain=climate/type=observational/source=chirps-chirts-era5/region=africa/processing=seasonal/variable=PTOT/season=NDJ/PTOT_NDJ_2009_sum.tif
PTOT,DJF,2009,https://digital-atlas.s3.amazonaws.com/domain=climate/type=observational/source=chirps-chirts-era5/region=africa/processing=seasonal/variable=PTOT/season=DJF/PTOT_DJF_2009_sum.tif
PTOT,JFM,2010,https://digital-atlas.s3.amazonaws.com/domain=climate/type=observational/source=chirps-chirts-era5/region=africa/processing=seasonal/variable=PTOT/season=JFM/PTOT_JFM_2010_sum.tif
PTOT,FMA,2010,https://digital-atlas.s3.amazonaws.com/domain=climate/type=observational/source=chirps-chirts-era5/region=africa/processing=seasonal/variable=PTOT/season=FMA/PTOT_FMA_2010_sum.tif
PTOT,MAM,2010,https://digital-atlas.s3.amazonaws.com/domain=climate/type=observational/source=chirps-chirts-era5/region=africa/processing=seasonal/variable=PTOT/season=MAM/PTOT_MAM_2010_sum.tif
PTOT,AMJ,2010,https://digital-atlas.s3.amazonaws.com/domain=climate/type=observational/source=chirps-chirts-era5/region=africa/processing=seasonal/variable=PTOT/season=AMJ/PTOT_AMJ_2010_sum.tif
PTOT,MJJ,2010,https://digital-atlas.s3.amazonaws.com/domain=climate/type=observational/source=chirps-chirts-era5/region=africa/processing=seasonal/variable=PTOT/season=MJJ/PTOT_MJJ_2010_sum.tif
PTOT,JJA,2010,https://digital-atlas.s3.amazonaws.com/domain=climate/type=observational/source=chirps-chirts-era5/region=africa/processing=seasonal/variable=PTOT/season=JJA/PTOT_JJA_2010_sum.tif
PTOT,JAS,2010,https://digital-atlas.s3.amazonaws.com/domain=climate/type=observational/source=chirps-chirts-era5/region=africa/processing=seasonal/variable=PTOT/season=JAS/PTOT_JAS_2010_sum.tif
PTOT,ASO,2010,https://digital-atlas.s3.amazonaws.com/domain=climate/type=observational/source=chirps-chirts-era5/region=africa/processing=seasonal/variable=PTOT/season=ASO/PTOT_ASO_2010_sum.tif
PTOT,SON,2010,https://digital-atlas.s3.amazonaws.com/domain=climate/type=observational/source=chirps-chirts-era5/region=africa/processing=seasonal/variable=PTOT/season=SON/PTOT_SON_2010_sum.tif
PTOT,OND,2010,https://digital-atlas.s3.amazonaws.com/domain=climate/type=observational/source=chirps-chirts-era5/region=africa/processing=seasonal/variable=PTOT/season=OND/PTOT_OND_2010_sum.tif
PTOT,NDJ,2010,https://digital-atlas.s3.amazonaws.com/domain=climate/type=observational/source=chirps-chirts-era5/region=africa/processing=seasonal/variable=PTOT/season=NDJ/PTOT_NDJ_2010_sum.tif
PTOT,DJF,2010,https://digital-atlas.s3.amazonaws.com/domain=climate/type=observational/source=chirps-chirts-era5/region=africa/processing=seasonal/variable=PTOT/season=DJF/PTOT_DJF_2010_sum.tif
PTOT,JFM,2011,https://digital-atlas.s3.amazonaws.com/domain=climate/type=observational/source=chirps-chirts-era5/region=africa/processing=seasonal/variable=PTOT/season=JFM/PTOT_JFM_2011_sum.tif
PTOT,FMA,2011,https://digital-atlas.s3.amazonaws.com/domain=climate/type=observational/source=chirps-chirts-era5/region=africa/processing=seasonal/variable=PTOT/season=FMA/PTOT_FMA_2011_sum.tif
PTOT,MAM,2011,https://digital-atlas.s3.amazonaws.com/domain=climate/type=observational/source=chirps-chirts-era5/region=africa/processing=seasonal/variable=PTOT/season=MAM/PTOT_MAM_2011_sum.tif
PTOT,AMJ,2011,https://digital-atlas.s3.amazonaws.com/domain=climate/type=observational/source=chirps-chirts-era5/region=africa/processing=seasonal/variable=PTOT/season=AMJ/PTOT_AMJ_2011_sum.tif
PTOT,MJJ,2011,https://digital-atlas.s3.amazonaws.com/domain=climate/type=observational/source=chirps-chirts-era5/region=africa/processing=seasonal/variable=PTOT/season=MJJ/PTOT_MJJ_2011_sum.tif
PTOT,JJA,2011,https://digital-atlas.s3.amazonaws.com/domain=climate/type=observational/source=chirps-chirts-era5/region=africa/processing=seasonal/variable=PTOT/season=JJA/PTOT_JJA_2011_sum.tif
PTOT,JAS,2011,https://digital-atlas.s3.amazonaws.com/domain=climate/type=observational/source=chirps-chirts-era5/region=africa/processing=seasonal/variable=PTOT/season=JAS/PTOT_JAS_2011_sum.tif
PTOT,ASO,2011,https://digital-atlas.s3.amazonaws.com/domain=climate/type=observational/source=chirps-chirts-era5/region=africa/processing=seasonal/variable=PTOT/season=ASO/PTOT_ASO_2011_sum.tif
PTOT,SON,2011,https://digital-atlas.s3.amazonaws.com/domain=climate/type=observational/source=chirps-chirts-era5/region=africa/processing=seasonal/variable=PTOT/season=SON/PTOT_SON_2011_sum.tif
PTOT,OND,2011,https://digital-atlas.s3.amazonaws.com/domain=climate/type=observational/source=chirps-chirts-era5/region=africa/processing=seasonal/variable=PTOT/season=OND/PTOT_OND_2011_sum.tif
PTOT,NDJ,2011,https://digital-atlas.s3.amazonaws.com/domain=climate/type=observational/source=chirps-chirts-era5/region=africa/processing=seasonal/variable=PTOT/season=NDJ/PTOT_NDJ_2011_sum.tif
PTOT,DJF,2011,https://digital-atlas.s3.amazonaws.com/domain=climate/type=observational/source=chirps-chirts-era5/region=africa/processing=seasonal/variable=PTOT/season=DJF/PTOT_DJF_2011_sum.tif
PTOT,JFM,2012,https://digital-atlas.s3.amazonaws.com/domain=climate/type=observational/source=chirps-chirts-era5/region=africa/processing=seasonal/variable=PTOT/season=JFM/PTOT_JFM_2012_sum.tif
PTOT,FMA,2012,https://digital-atlas.s3.amazonaws.com/domain=climate/type=observational/source=chirps-chirts-era5/region=africa/processing=seasonal/variable=PTOT/season=FMA/PTOT_FMA_2012_sum.tif
PTOT,MAM,2012,https://digital-atlas.s3.amazonaws.com/domain=climate/type=observational/source=chirps-chirts-era5/region=africa/processing=seasonal/variable=PTOT/season=MAM/PTOT_MAM_2012_sum.tif
PTOT,AMJ,2012,https://digital-atlas.s3.amazonaws.com/domain=climate/type=observational/source=chirps-chirts-era5/region=africa/processing=seasonal/variable=PTOT/season=AMJ/PTOT_AMJ_2012_sum.tif
PTOT,MJJ,2012,https://digital-atlas.s3.amazonaws.com/domain=climate/type=observational/source=chirps-chirts-era5/region=africa/processing=seasonal/variable=PTOT/season=MJJ/PTOT_MJJ_2012_sum.tif
PTOT,JJA,2012,https://digital-atlas.s3.amazonaws.com/domain=climate/type=observational/source=chirps-chirts-era5/region=africa/processing=seasonal/variable=PTOT/season=JJA/PTOT_JJA_2012_sum.tif
PTOT,JAS,2012,https://digital-atlas.s3.amazonaws.com/domain=climate/type=observational/source=chirps-chirts-era5/region=africa/processing=seasonal/variable=PTOT/season=JAS/PTOT_JAS_2012_sum.tif
PTOT,ASO,2012,https://digital-atlas.s3.amazonaws.com/domain=climate/type=observational/source=chirps-chirts-era5/region=africa/processing=seasonal/variable=PTOT/season=ASO/PTOT_ASO_2012_sum.tif
PTOT,SON,2012,https://digital-atlas.s3.amazonaws.com/domain=climate/type=observational/source=chirps-chirts-era5/region=africa/processing=seasonal/variable=PTOT/season=SON/PTOT_SON_2012_sum.tif
PTOT,OND,2012,https://digital-atlas.s3.amazonaws.com/domain=climate/type=observational/source=chirps-chirts-era5/region=africa/processing=seasonal/variable=PTOT/season=OND/PTOT_OND_2012_sum.tif
PTOT,NDJ,2012,https://digital-atlas.s3.amazonaws.com/domain=climate/type=observational/source=chirps-chirts-era5/region=africa/processing=seasonal/variable=PTOT/season=NDJ/PTOT_NDJ_2012_sum.tif
PTOT,DJF,2012,https://digital-atlas.s3.amazonaws.com/domain=climate/type=observational/source=chirps-chirts-era5/region=africa/processing=seasonal/variable=PTOT/season=DJF/PTOT_DJF_2012_sum.tif
PTOT,JFM,2013,https://digital-atlas.s3.amazonaws.com/domain=climate/type=observational/source=chirps-chirts-era5/region=africa/processing=seasonal/variable=PTOT/season=JFM/PTOT_JFM_2013_sum.tif
PTOT,FMA,2013,https://digital-atlas.s3.amazonaws.com/domain=climate/type=observational/source=chirps-chirts-era5/region=africa/processing=seasonal/variable=PTOT/season=FMA/PTOT_FMA_2013_sum.tif
PTOT,MAM,2013,https://digital-atlas.s3.amazonaws.com/domain=climate/type=observational/source=chirps-chirts-era5/region=africa/processing=seasonal/variable=PTOT/season=MAM/PTOT_MAM_2013_sum.tif
PTOT,AMJ,2013,https://digital-atlas.s3.amazonaws.com/domain=climate/type=observational/source=chirps-chirts-era5/region=africa/processing=seasonal/variable=PTOT/season=AMJ/PTOT_AMJ_2013_sum.tif
PTOT,MJJ,2013,https://digital-atlas.s3.amazonaws.com/domain=climate/type=observational/source=chirps-chirts-era5/region=africa/processing=seasonal/variable=PTOT/season=MJJ/PTOT_MJJ_2013_sum.tif
PTOT,JJA,2013,https://digital-atlas.s3.amazonaws.com/domain=climate/type=observational/source=chirps-chirts-era5/region=africa/processing=seasonal/variable=PTOT/season=JJA/PTOT_JJA_2013_sum.tif
PTOT,JAS,2013,https://digital-atlas.s3.amazonaws.com/domain=climate/type=observational/source=chirps-chirts-era5/region=africa/processing=seasonal/variable=PTOT/season=JAS/PTOT_JAS_2013_sum.tif
PTOT,ASO,2013,https://digital-atlas.s3.amazonaws.com/domain=climate/type=observational/source=chirps-chirts-era5/region=africa/processing=seasonal/variable=PTOT/season=ASO/PTOT_ASO_2013_sum.tif
PTOT,SON,2013,https://digital-atlas.s3.amazonaws.com/domain=climate/type=observational/source=chirps-chirts-era5/region=africa/processing=seasonal/variable=PTOT/season=SON/PTOT_SON_2013_sum.tif
PTOT,OND,2013,https://digital-atlas.s3.amazonaws.com/domain=climate/type=observational/source=chirps-chirts-era5/region=africa/processing=seasonal/variable=PTOT/season=OND/PTOT_OND_2013_sum.tif
PTOT,NDJ,2013,https://digital-atlas.s3.amazonaws.com/domain=climate/type=observational/source=chirps-chirts-era5/region=africa/processing=seasonal/variable=PTOT/season=NDJ/PTOT_NDJ_2013_sum.tif
PTOT,DJF,2013,https://digital-atlas.s3.amazonaws.com/domain=climate/type=observational/source=chirps-chirts-era5/region=africa/processing=seasonal/variable=PTOT/season=DJF/PTOT_DJF_2013_sum.tif
PTOT,JFM,2014,https://digital-atlas.s3.amazonaws.com/domain=climate/type=observational/source=chirps-chirts-era5/region=africa/processing=seasonal/variable=PTOT/season=JFM/PTOT_JFM_2014_sum.tif
PTOT,FMA,2014,https://digital-atlas.s3.amazonaws.com/domain=climate/type=observational/source=chirps-chirts-era5/region=africa/processing=seasonal/variable=PTOT/season=FMA/PTOT_FMA_2014_sum.tif
PTOT,MAM,2014,https://digital-atlas.s3.amazonaws.com/domain=climate/type=observational/source=chirps-chirts-era5/region=africa/processing=seasonal/variable=PTOT/season=MAM/PTOT_MAM_2014_sum.tif
PTOT,AMJ,2014,https://digital-atlas.s3.amazonaws.com/domain=climate/type=observational/source=chirps-chirts-era5/region=africa/processing=seasonal/variable=PTOT/season=AMJ/PTOT_AMJ_2014_sum.tif
PTOT,MJJ,2014,https://digital-atlas.s3.amazonaws.com/domain=climate/type=observational/source=chirps-chirts-era5/region=africa/processing=seasonal/variable=PTOT/season=MJJ/PTOT_MJJ_2014_sum.tif
PTOT,JJA,2014,https://digital-atlas.s3.amazonaws.com/domain=climate/type=observational/source=chirps-chirts-era5/region=africa/processing=seasonal/variable=PTOT/season=JJA/PTOT_JJA_2014_sum.tif
PTOT,JAS,2014,https://digital-atlas.s3.amazonaws.com/domain=climate/type=observational/source=chirps-chirts-era5/region=africa/processing=seasonal/variable=PTOT/season=JAS/PTOT_JAS_2014_sum.tif
PTOT,ASO,2014,https://digital-atlas.s3.amazonaws.com/domain=climate/type=observational/source=chirps-chirts-era5/region=africa/processing=seasonal/variable=PTOT/season=ASO/PTOT_ASO_2014_sum.tif
PTOT,SON,2014,https://digital-atlas.s3.amazonaws.com/domain=climate/type=observational/source=chirps-chirts-era5/region=africa/processing=seasonal/variable=PTOT/season=SON/PTOT_SON_2014_sum.tif
PTOT,OND,2014,https://digital-atlas.s3.amazonaws.com/domain=climate/type=observational/source=chirps-chirts-era5/region=africa/processing=seasonal/variable=PTOT/season=OND/PTOT_OND_2014_sum.tif
PTOT,NDJ,2014,https://digital-atlas.s3.amazonaws.com/domain=climate/type=observational/source=chirps-chirts-era5/region=africa/processing=seasonal/variable=PTOT/season=NDJ/PTOT_NDJ_2014_sum.tif
PTOT,DJF,2014,https://digital-atlas.s3.amazonaws.com/domain=climate/type=observational/source=chirps-chirts-era5/region=africa/processing=seasonal/variable=PTOT/season=DJF/PTOT_DJF_2014_sum.tif
PTOT,JFM,2015,https://digital-atlas.s3.amazonaws.com/domain=climate/type=observational/source=chirps-chirts-era5/region=africa/processing=seasonal/variable=PTOT/season=JFM/PTOT_JFM_2015_sum.tif
PTOT,FMA,2015,https://digital-atlas.s3.amazonaws.com/domain=climate/type=observational/source=chirps-chirts-era5/region=africa/processing=seasonal/variable=PTOT/season=FMA/PTOT_FMA_2015_sum.tif
PTOT,MAM,2015,https://digital-atlas.s3.amazonaws.com/domain=climate/type=observational/source=chirps-chirts-era5/region=africa/processing=seasonal/variable=PTOT/season=MAM/PTOT_MAM_2015_sum.tif
PTOT,AMJ,2015,https://digital-atlas.s3.amazonaws.com/domain=climate/type=observational/source=chirps-chirts-era5/region=africa/processing=seasonal/variable=PTOT/season=AMJ/PTOT_AMJ_2015_sum.tif
PTOT,MJJ,2015,https://digital-atlas.s3.amazonaws.com/domain=climate/type=observational/source=chirps-chirts-era5/region=africa/processing=seasonal/variable=PTOT/season=MJJ/PTOT_MJJ_2015_sum.tif
PTOT,JJA,2015,https://digital-atlas.s3.amazonaws.com/domain=climate/type=observational/source=chirps-chirts-era5/region=africa/processing=seasonal/variable=PTOT/season=JJA/PTOT_JJA_2015_sum.tif
PTOT,JAS,2015,https://digital-atlas.s3.amazonaws.com/domain=climate/type=observational/source=chirps-chirts-era5/region=africa/processing=seasonal/variable=PTOT/season=JAS/PTOT_JAS_2015_sum.tif
PTOT,ASO,2015,https://digital-atlas.s3.amazonaws.com/domain=climate/type=observational/source=chirps-chirts-era5/region=africa/processing=seasonal/variable=PTOT/season=ASO/PTOT_ASO_2015_sum.tif
PTOT,SON,2015,https://digital-atlas.s3.amazonaws.com/domain=climate/type=observational/source=chirps-chirts-era5/region=africa/processing=seasonal/variable=PTOT/season=SON/PTOT_SON_2015_sum.tif
PTOT,OND,2015,https://digital-atlas.s3.amazonaws.com/domain=climate/type=observational/source=chirps-chirts-era5/region=africa/processing=seasonal/variable=PTOT/season=OND/PTOT_OND_2015_sum.tif
PTOT,NDJ,2015,https://digital-atlas.s3.amazonaws.com/domain=climate/type=observational/source=chirps-chirts-era5/region=africa/processing=seasonal/variable=PTOT/season=NDJ/PTOT_NDJ_2015_sum.tif
PTOT,DJF,2015,https://digital-atlas.s3.amazonaws.com/domain=climate/type=observational/source=chirps-chirts-era5/region=africa/processing=seasonal/variable=PTOT/season=DJF/PTOT_DJF_2015_sum.tif
PTOT,JFM,2016,https://digital-atlas.s3.amazonaws.com/domain=climate/type=observational/source=chirps-chirts-era5/region=africa/processing=seasonal/variable=PTOT/season=JFM/PTOT_JFM_2016_sum.tif
PTOT,FMA,2016,https://digital-atlas.s3.amazonaws.com/domain=climate/type=observational/source=chirps-chirts-era5/region=africa/processing=seasonal/variable=PTOT/season=FMA/PTOT_FMA_2016_sum.tif
PTOT,MAM,2016,https://digital-atlas.s3.amazonaws.com/domain=climate/type=observational/source=chirps-chirts-era5/region=africa/processing=seasonal/variable=PTOT/season=MAM/PTOT_MAM_2016_sum.tif
PTOT,AMJ,2016,https://digital-atlas.s3.amazonaws.com/domain=climate/type=observational/source=chirps-chirts-era5/region=africa/processing=seasonal/variable=PTOT/season=AMJ/PTOT_AMJ_2016_sum.tif
PTOT,MJJ,2016,https://digital-atlas.s3.amazonaws.com/domain=climate/type=observational/source=chirps-chirts-era5/region=africa/processing=seasonal/variable=PTOT/season=MJJ/PTOT_MJJ_2016_sum.tif
PTOT,JJA,2016,https://digital-atlas.s3.amazonaws.com/domain=climate/type=observational/source=chirps-chirts-era5/region=africa/processing=seasonal/variable=PTOT/season=JJA/PTOT_JJA_2016_sum.tif
PTOT,JAS,2016,https://digital-atlas.s3.amazonaws.com/domain=climate/type=observational/source=chirps-chirts-era5/region=africa/processing=seasonal/variable=PTOT/season=JAS/PTOT_JAS_2016_sum.tif
PTOT,ASO,2016,https://digital-atlas.s3.amazonaws.com/domain=climate/type=observational/source=chirps-chirts-era5/region=africa/processing=seasonal/variable=PTOT/season=ASO/PTOT_ASO_2016_sum.tif
PTOT,SON,2016,https://digital-atlas.s3.amazonaws.com/domain=climate/type=observational/source=chirps-chirts-era5/region=africa/processing=seasonal/variable=PTOT/season=SON/PTOT_SON_2016_sum.tif
PTOT,OND,2016,https://digital-atlas.s3.amazonaws.com/domain=climate/type=observational/source=chirps-chirts-era5/region=africa/processing=seasonal/variable=PTOT/season=OND/PTOT_OND_2016_sum.tif
PTOT,NDJ,2016,https://digital-atlas.s3.amazonaws.com/domain=climate/type=observational/source=chirps-chirts-era5/region=africa/processing=seasonal/variable=PTOT/season=NDJ/PTOT_NDJ_2016_sum.tif
PTOT,DJF,2016,https://digital-atlas.s3.amazonaws.com/domain=climate/type=observational/source=chirps-chirts-era5/region=africa/processing=seasonal/variable=PTOT/season=DJF/PTOT_DJF_2016_sum.tif
PTOT,JFM,2017,https://digital-atlas.s3.amazonaws.com/domain=climate/type=observational/source=chirps-chirts-era5/region=africa/processing=seasonal/variable=PTOT/season=JFM/PTOT_JFM_2017_sum.tif
PTOT,FMA,2017,https://digital-atlas.s3.amazonaws.com/domain=climate/type=observational/source=chirps-chirts-era5/region=africa/processing=seasonal/variable=PTOT/season=FMA/PTOT_FMA_2017_sum.tif
PTOT,MAM,2017,https://digital-atlas.s3.amazonaws.com/domain=climate/type=observational/source=chirps-chirts-era5/region=africa/processing=seasonal/variable=PTOT/season=MAM/PTOT_MAM_2017_sum.tif
PTOT,AMJ,2017,https://digital-atlas.s3.amazonaws.com/domain=climate/type=observational/source=chirps-chirts-era5/region=africa/processing=seasonal/variable=PTOT/season=AMJ/PTOT_AMJ_2017_sum.tif
PTOT,MJJ,2017,https://digital-atlas.s3.amazonaws.com/domain=climate/type=observational/source=chirps-chirts-era5/region=africa/processing=seasonal/variable=PTOT/season=MJJ/PTOT_MJJ_2017_sum.tif
PTOT,JJA,2017,https://digital-atlas.s3.amazonaws.com/domain=climate/type=observational/source=chirps-chirts-era5/region=africa/processing=seasonal/variable=PTOT/season=JJA/PTOT_JJA_2017_sum.tif
PTOT,JAS,2017,https://digital-atlas.s3.amazonaws.com/domain=climate/type=observational/source=chirps-chirts-era5/region=africa/processing=seasonal/variable=PTOT/season=JAS/PTOT_JAS_2017_sum.tif
PTOT,ASO,2017,https://digital-atlas.s3.amazonaws.com/domain=climate/type=observational/source=chirps-chirts-era5/region=africa/processing=seasonal/variable=PTOT/season=ASO/PTOT_ASO_2017_sum.tif
PTOT,SON,2017,https://digital-atlas.s3.amazonaws.com/domain=climate/type=observational/source=chirps-chirts-era5/region=africa/processing=seasonal/variable=PTOT/season=SON/PTOT_SON_2017_sum.tif
PTOT,OND,2017,https://digital-atlas.s3.amazonaws.com/domain=climate/type=observational/source=chirps-chirts-era5/region=africa/processing=seasonal/variable=PTOT/season=OND/PTOT_OND_2017_sum.tif
PTOT,NDJ,2017,https://digital-atlas.s3.amazonaws.com/domain=climate/type=observational/source=chirps-chirts-era5/region=africa/processing=seasonal/variable=PTOT/season=NDJ/PTOT_NDJ_2017_sum.tif
PTOT,DJF,2017,https://digital-atlas.s3.amazonaws.com/domain=climate/type=observational/source=chirps-chirts-era5/region=africa/processing=seasonal/variable=PTOT/season=DJF/PTOT_DJF_2017_sum.tif
PTOT,JFM,2018,https://digital-atlas.s3.amazonaws.com/domain=climate/type=observational/source=chirps-chirts-era5/region=africa/processing=seasonal/variable=PTOT/season=JFM/PTOT_JFM_2018_sum.tif
PTOT,FMA,2018,https://digital-atlas.s3.amazonaws.com/domain=climate/type=observational/source=chirps-chirts-era5/region=africa/processing=seasonal/variable=PTOT/season=FMA/PTOT_FMA_2018_sum.tif
PTOT,MAM,2018,https://digital-atlas.s3.amazonaws.com/domain=climate/type=observational/source=chirps-chirts-era5/region=africa/processing=seasonal/variable=PTOT/season=MAM/PTOT_MAM_2018_sum.tif
PTOT,AMJ,2018,https://digital-atlas.s3.amazonaws.com/domain=climate/type=observational/source=chirps-chirts-era5/region=africa/processing=seasonal/variable=PTOT/season=AMJ/PTOT_AMJ_2018_sum.tif
PTOT,MJJ,2018,https://digital-atlas.s3.amazonaws.com/domain=climate/type=observational/source=chirps-chirts-era5/region=africa/processing=seasonal/variable=PTOT/season=MJJ/PTOT_MJJ_2018_sum.tif
PTOT,JJA,2018,https://digital-atlas.s3.amazonaws.com/domain=climate/type=observational/source=chirps-chirts-era5/region=africa/processing=seasonal/variable=PTOT/season=JJA/PTOT_JJA_2018_sum.tif
PTOT,JAS,2018,https://digital-atlas.s3.amazonaws.com/domain=climate/type=observational/source=chirps-chirts-era5/region=africa/processing=seasonal/variable=PTOT/season=JAS/PTOT_JAS_2018_sum.tif
PTOT,ASO,2018,https://digital-atlas.s3.amazonaws.com/domain=climate/type=observational/source=chirps-chirts-era5/region=africa/processing=seasonal/variable=PTOT/season=ASO/PTOT_ASO_2018_sum.tif
PTOT,SON,2018,https://digital-atlas.s3.amazonaws.com/domain=climate/type=observational/source=chirps-chirts-era5/region=africa/processing=seasonal/variable=PTOT/season=SON/PTOT_SON_2018_sum.tif
PTOT,OND,2018,https://digital-atlas.s3.amazonaws.com/domain=climate/type=observational/source=chirps-chirts-era5/region=africa/processing=seasonal/variable=PTOT/season=OND/PTOT_OND_2018_sum.tif
PTOT,NDJ,2018,https://digital-atlas.s3.amazonaws.com/domain=climate/type=observational/source=chirps-chirts-era5/region=africa/processing=seasonal/variable=PTOT/season=NDJ/PTOT_NDJ_2018_sum.tif
PTOT,DJF,2018,https://digital-atlas.s3.amazonaws.com/domain=climate/type=observational/source=chirps-chirts-era5/region=africa/processing=seasonal/variable=PTOT/season=DJF/PTOT_DJF_2018_sum.tif
PTOT,JFM,2019,https://digital-atlas.s3.amazonaws.com/domain=climate/type=observational/source=chirps-chirts-era5/region=africa/processing=seasonal/variable=PTOT/season=JFM/PTOT_JFM_2019_sum.tif
PTOT,FMA,2019,https://digital-atlas.s3.amazonaws.com/domain=climate/type=observational/source=chirps-chirts-era5/region=africa/processing=seasonal/variable=PTOT/season=FMA/PTOT_FMA_2019_sum.tif
PTOT,MAM,2019,https://digital-atlas.s3.amazonaws.com/domain=climate/type=observational/source=chirps-chirts-era5/region=africa/processing=seasonal/variable=PTOT/season=MAM/PTOT_MAM_2019_sum.tif
PTOT,AMJ,2019,https://digital-atlas.s3.amazonaws.com/domain=climate/type=observational/source=chirps-chirts-era5/region=africa/processing=seasonal/variable=PTOT/season=AMJ/PTOT_AMJ_2019_sum.tif
PTOT,MJJ,2019,https://digital-atlas.s3.amazonaws.com/domain=climate/type=observational/source=chirps-chirts-era5/region=africa/processing=seasonal/variable=PTOT/season=MJJ/PTOT_MJJ_2019_sum.tif
PTOT,JJA,2019,https://digital-atlas.s3.amazonaws.com/domain=climate/type=observational/source=chirps-chirts-era5/region=africa/processing=seasonal/variable=PTOT/season=JJA/PTOT_JJA_2019_sum.tif
PTOT,JAS,2019,https://digital-atlas.s3.amazonaws.com/domain=climate/type=observational/source=chirps-chirts-era5/region=africa/processing=seasonal/variable=PTOT/season=JAS/PTOT_JAS_2019_sum.tif
PTOT,ASO,2019,https://digital-atlas.s3.amazonaws.com/domain=climate/type=observational/source=chirps-chirts-era5/region=africa/processing=seasonal/variable=PTOT/season=ASO/PTOT_ASO_2019_sum.tif
PTOT,SON,2019,https://digital-atlas.s3.amazonaws.com/domain=climate/type=observational/source=chirps-chirts-era5/region=africa/processing=seasonal/variable=PTOT/season=SON/PTOT_SON_2019_sum.tif
PTOT,OND,2019,https://digital-atlas.s3.amazonaws.com/domain=climate/type=observational/source=chirps-chirts-era5/region=africa/processing=seasonal/variable=PTOT/season=OND/PTOT_OND_2019_sum.tif
PTOT,NDJ,2019,https://digital-atlas.s3.amazonaws.com/domain=climate/type=observational/source=chirps-chirts-era5/region=africa/processing=seasonal/variable=PTOT/season=NDJ/PTOT_NDJ_2019_sum.tif
PTOT,DJF,2019,https://digital-atlas.s3.amazonaws.com/domain=climate/type=observational/source=chirps-chirts-era5/region=africa/processing=seasonal/variable=PTOT/season=DJF/PTOT_DJF_2019_sum.tif
PTOT,JFM,2020,https://digital-atlas.s3.amazonaws.com/domain=climate/type=observational/source=chirps-chirts-era5/region=africa/processing=seasonal/variable=PTOT/season=JFM/PTOT_JFM_2020_sum.tif
PTOT,FMA,2020,https://digital-atlas.s3.amazonaws.com/domain=climate/type=observational/source=chirps-chirts-era5/region=africa/processing=seasonal/variable=PTOT/season=FMA/PTOT_FMA_2020_sum.tif
PTOT,MAM,2020,https://digital-atlas.s3.amazonaws.com/domain=climate/type=observational/source=chirps-chirts-era5/region=africa/processing=seasonal/variable=PTOT/season=MAM/PTOT_MAM_2020_sum.tif
PTOT,AMJ,2020,https://digital-atlas.s3.amazonaws.com/domain=climate/type=observational/source=chirps-chirts-era5/region=africa/processing=seasonal/variable=PTOT/season=AMJ/PTOT_AMJ_2020_sum.tif
PTOT,MJJ,2020,https://digital-atlas.s3.amazonaws.com/domain=climate/type=observational/source=chirps-chirts-era5/region=africa/processing=seasonal/variable=PTOT/season=MJJ/PTOT_MJJ_2020_sum.tif
PTOT,JJA,2020,https://digital-atlas.s3.amazonaws.com/domain=climate/type=observational/source=chirps-chirts-era5/region=africa/processing=seasonal/variable=PTOT/season=JJA/PTOT_JJA_2020_sum.tif
PTOT,JAS,2020,https://digital-atlas.s3.amazonaws.com/domain=climate/type=observational/source=chirps-chirts-era5/region=africa/processing=seasonal/variable=PTOT/season=JAS/PTOT_JAS_2020_sum.tif
PTOT,ASO,2020,https://digital-atlas.s3.amazonaws.com/domain=climate/type=observational/source=chirps-chirts-era5/region=africa/processing=seasonal/variable=PTOT/season=ASO/PTOT_ASO_2020_sum.tif
PTOT,SON,2020,https://digital-atlas.s3.amazonaws.com/domain=climate/type=observational/source=chirps-chirts-era5/region=africa/processing=seasonal/variable=PTOT/season=SON/PTOT_SON_2020_sum.tif
PTOT,OND,2020,https://digital-atlas.s3.amazonaws.com/domain=climate/type=observational/source=chirps-chirts-era5/region=africa/processing=seasonal/variable=PTOT/season=OND/PTOT_OND_2020_sum.tif
PTOT,NDJ,2020,https://digital-atlas.s3.amazonaws.com/domain=climate/type=observational/source=chirps-chirts-era5/region=africa/processing=seasonal/variable=PTOT/season=NDJ/PTOT_NDJ_2020_sum.tif
PTOT,DJF,2020,https://digital-atlas.s3.amazonaws.com/domain=climate/type=observational/source=chirps-chirts-era5/region=africa/processing=seasonal/variable=PTOT/season=DJF/PTOT_DJF_2020_sum.tif
PTOT,JFM,2021,https://digital-atlas.s3.amazonaws.com/domain=climate/type=observational/source=chirps-chirts-era5/region=africa/processing=seasonal/variable=PTOT/season=JFM/PTOT_JFM_2021_sum.tif
PTOT,FMA,2021,https://digital-atlas.s3.amazonaws.com/domain=climate/type=observational/source=chirps-chirts-era5/region=africa/processing=seasonal/variable=PTOT/season=FMA/PTOT_FMA_2021_sum.tif
PTOT,MAM,2021,https://digital-atlas.s3.amazonaws.com/domain=climate/type=observational/source=chirps-chirts-era5/region=africa/processing=seasonal/variable=PTOT/season=MAM/PTOT_MAM_2021_sum.tif
PTOT,AMJ,2021,https://digital-atlas.s3.amazonaws.com/domain=climate/type=observational/source=chirps-chirts-era5/region=africa/processing=seasonal/variable=PTOT/season=AMJ/PTOT_AMJ_2021_sum.tif
PTOT,MJJ,2021,https://digital-atlas.s3.amazonaws.com/domain=climate/type=observational/source=chirps-chirts-era5/region=africa/processing=seasonal/variable=PTOT/season=MJJ/PTOT_MJJ_2021_sum.tif
PTOT,JJA,2021,https://digital-atlas.s3.amazonaws.com/domain=climate/type=observational/source=chirps-chirts-era5/region=africa/processing=seasonal/variable=PTOT/season=JJA/PTOT_JJA_2021_sum.tif
PTOT,JAS,2021,https://digital-atlas.s3.amazonaws.com/domain=climate/type=observational/source=chirps-chirts-era5/region=africa/processing=seasonal/variable=PTOT/season=JAS/PTOT_JAS_2021_sum.tif
PTOT,ASO,2021,https://digital-atlas.s3.amazonaws.com/domain=climate/type=observational/source=chirps-chirts-era5/region=africa/processing=seasonal/variable=PTOT/season=ASO/PTOT_ASO_2021_sum.tif
PTOT,SON,2021,https://digital-atlas.s3.amazonaws.com/domain=climate/type=observational/source=chirps-chirts-era5/region=africa/processing=seasonal/variable=PTOT/season=SON/PTOT_SON_2021_sum.tif
PTOT,OND,2021,https://digital-atlas.s3.amazonaws.com/domain=climate/type=observational/source=chirps-chirts-era5/region=africa/processing=seasonal/variable=PTOT/season=OND/PTOT_OND_2021_sum.tif
PTOT,NDJ,2021,https://digital-atlas.s3.amazonaws.com/domain=climate/type=observational/source=chirps-chirts-era5/region=africa/processing=seasonal/variable=PTOT/season=NDJ/PTOT_NDJ_2021_sum.tif
PTOT,DJF,2021,https://digital-atlas.s3.amazonaws.com/domain=climate/type=observational/source=chirps-chirts-era5/region=africa/processing=seasonal/variable=PTOT/season=DJF/PTOT_DJF_2021_sum.tif
PTOT,JFM,2022,https://digital-atlas.s3.amazonaws.com/domain=climate/type=observational/source=chirps-chirts-era5/region=africa/processing=seasonal/variable=PTOT/season=JFM/PTOT_JFM_2022_sum.tif
PTOT,FMA,2022,https://digital-atlas.s3.amazonaws.com/domain=climate/type=observational/source=chirps-chirts-era5/region=africa/processing=seasonal/variable=PTOT/season=FMA/PTOT_FMA_2022_sum.tif
PTOT,MAM,2022,https://digital-atlas.s3.amazonaws.com/domain=climate/type=observational/source=chirps-chirts-era5/region=africa/processing=seasonal/variable=PTOT/season=MAM/PTOT_MAM_2022_sum.tif
PTOT,AMJ,2022,https://digital-atlas.s3.amazonaws.com/domain=climate/type=observational/source=chirps-chirts-era5/region=africa/processing=seasonal/variable=PTOT/season=AMJ/PTOT_AMJ_2022_sum.tif
PTOT,MJJ,2022,https://digital-atlas.s3.amazonaws.com/domain=climate/type=observational/source=chirps-chirts-era5/region=africa/processing=seasonal/variable=PTOT/season=MJJ/PTOT_MJJ_2022_sum.tif
PTOT,JJA,2022,https://digital-atlas.s3.amazonaws.com/domain=climate/type=observational/source=chirps-chirts-era5/region=africa/processing=seasonal/variable=PTOT/season=JJA/PTOT_JJA_2022_sum.tif
PTOT,JAS,2022,https://digital-atlas.s3.amazonaws.com/domain=climate/type=observational/source=chirps-chirts-era5/region=africa/processing=seasonal/variable=PTOT/season=JAS/PTOT_JAS_2022_sum.tif
PTOT,ASO,2022,https://digital-atlas.s3.amazonaws.com/domain=climate/type=observational/source=chirps-chirts-era5/region=africa/processing=seasonal/variable=PTOT/season=ASO/PTOT_ASO_2022_sum.tif
PTOT,SON,2022,https://digital-atlas.s3.amazonaws.com/domain=climate/type=observational/source=chirps-chirts-era5/region=africa/processing=seasonal/variable=PTOT/season=SON/PTOT_SON_2022_sum.tif
PTOT,OND,2022,https://digital-atlas.s3.amazonaws.com/domain=climate/type=observational/source=chirps-chirts-era5/region=africa/processing=seasonal/variable=PTOT/season=OND/PTOT_OND_2022_sum.tif
PTOT,NDJ,2022,https://digital-atlas.s3.amazonaws.com/domain=climate/type=observational/source=chirps-chirts-era5/region=africa/processing=seasonal/variable=PTOT/season=NDJ/PTOT_NDJ_2022_sum.tif
PTOT,DJF,2022,https://digital-atlas.s3.amazonaws.com/domain=climate/type=observational/source=chirps-chirts-era5/region=africa/processing=seasonal/variable=PTOT/season=DJF/PTOT_DJF_2022_sum.tif
PTOT,JFM,2023,https://digital-atlas.s3.amazonaws.com/domain=climate/type=observational/source=chirps-chirts-era5/region=africa/processing=seasonal/variable=PTOT/season=JFM/PTOT_JFM_2023_sum.tif
PTOT,FMA,2023,https://digital-atlas.s3.amazonaws.com/domain=climate/type=observational/source=chirps-chirts-era5/region=africa/processing=seasonal/variable=PTOT/season=FMA/PTOT_FMA_2023_sum.tif
PTOT,MAM,2023,https://digital-atlas.s3.amazonaws.com/domain=climate/type=observational/source=chirps-chirts-era5/region=africa/processing=seasonal/variable=PTOT/season=MAM/PTOT_MAM_2023_sum.tif
PTOT,AMJ,2023,https://digital-atlas.s3.amazonaws.com/domain=climate/type=observational/source=chirps-chirts-era5/region=africa/processing=seasonal/variable=PTOT/season=AMJ/PTOT_AMJ_2023_sum.tif
PTOT,MJJ,2023,https://digital-atlas.s3.amazonaws.com/domain=climate/type=observational/source=chirps-chirts-era5/region=africa/processing=seasonal/variable=PTOT/season=MJJ/PTOT_MJJ_2023_sum.tif
PTOT,JJA,2023,https://digital-atlas.s3.amazonaws.com/domain=climate/type=observational/source=chirps-chirts-era5/region=africa/processing=seasonal/variable=PTOT/season=JJA/PTOT_JJA_2023_sum.tif
PTOT,JAS,2023,https://digital-atlas.s3.amazonaws.com/domain=climate/type=observational/source=chirps-chirts-era5/region=africa/processing=seasonal/variable=PTOT/season=JAS/PTOT_JAS_2023_sum.tif
PTOT,ASO,2023,https://digital-atlas.s3.amazonaws.com/domain=climate/type=observational/source=chirps-chirts-era5/region=africa/processing=seasonal/variable=PTOT/season=ASO/PTOT_ASO_2023_sum.tif
PTOT,SON,2023,https://digital-atlas.s3.amazonaws.com/domain=climate/type=observational/source=chirps-chirts-era5/region=africa/processing=seasonal/variable=PTOT/season=SON/PTOT_SON_2023_sum.tif
PTOT,OND,2023,https://digital-atlas.s3.amazonaws.com/domain=climate/type=observational/source=chirps-chirts-era5/region=africa/processing=seasonal/variable=PTOT/season=OND/PTOT_OND_2023_sum.tif
PTOT,NDJ,2023,https://digital-atlas.s3.amazonaws.com/domain=climate/type=observational/source=chirps-chirts-era5/region=africa/processing=seasonal/variable=PTOT/season=NDJ/PTOT_NDJ_2023_sum.tif
PTOT,DJF,2023,https://digital-atlas.s3.amazonaws.com/domain=climate/type=observational/source=chirps-chirts-era5/region=africa/processing=seasonal/variable=PTOT/season=DJF/PTOT_DJF_2023_sum.tif
PTOT,JFM,2024,https://digital-atlas.s3.amazonaws.com/domain=climate/type=observational/source=chirps-chirts-era5/region=africa/processing=seasonal/variable=PTOT/season=JFM/PTOT_JFM_2024_sum.tif
PTOT,FMA,2024,https://digital-atlas.s3.amazonaws.com/domain=climate/type=observational/source=chirps-chirts-era5/region=africa/processing=seasonal/variable=PTOT/season=FMA/PTOT_FMA_2024_sum.tif
PTOT,MAM,2024,https://digital-atlas.s3.amazonaws.com/domain=climate/type=observational/source=chirps-chirts-era5/region=africa/processing=seasonal/variable=PTOT/season=MAM/PTOT_MAM_2024_sum.tif
PTOT,AMJ,2024,https://digital-atlas.s3.amazonaws.com/domain=climate/type=observational/source=chirps-chirts-era5/region=africa/processing=seasonal/variable=PTOT/season=AMJ/PTOT_AMJ_2024_sum.tif
PTOT,MJJ,2024,https://digital-atlas.s3.amazonaws.com/domain=climate/type=observational/source=chirps-chirts-era5/region=africa/processing=seasonal/variable=PTOT/season=MJJ/PTOT_MJJ_2024_sum.tif
PTOT,JJA,2024,https://digital-atlas.s3.amazonaws.com/domain=climate/type=observational/source=chirps-chirts-era5/region=africa/processing=seasonal/variable=PTOT/season=JJA/PTOT_JJA_2024_sum.tif
PTOT,JAS,2024,https://digital-atlas.s3.amazonaws.com/domain=climate/type=observational/source=chirps-chirts-era5/region=africa/processing=seasonal/variable=PTOT/season=JAS/PTOT_JAS_2024_sum.tif
PTOT,ASO,2024,https://digital-atlas.s3.amazonaws.com/domain=climate/type=observational/source=chirps-chirts-era5/region=africa/processing=seasonal/variable=PTOT/season=ASO/PTOT_ASO_2024_sum.tif
PTOT,SON,2024,https://digital-atlas.s3.amazonaws.com/domain=climate/type=observational/source=chirps-chirts-era5/region=africa/processing=seasonal/variable=PTOT/season=SON/PTOT_SON_2024_sum.tif
PTOT,OND,2024,https://digital-atlas.s3.amazonaws.com/domain=climate/type=observational/source=chirps-chirts-era5/region=africa/processing=seasonal/variable=PTOT/season=OND/PTOT_OND_2024_sum.tif
PTOT,NDJ,2024,https://digital-atlas.s3.amazonaws.com/domain=climate/type=observational/source=chirps-chirts-era5/region=africa/processing=seasonal/variable=PTOT/season=NDJ/PTOT_NDJ_2024_sum.tif
PTOT,DJF,2024,https://digital-atlas.s3.amazonaws.com/domain=climate/type=observational/source=chirps-chirts-era5/region=africa/processing=seasonal/variable=PTOT/season=DJF/PTOT_DJF_2024_sum.tif
PTOT,JFM,2025,https://digital-atlas.s3.amazonaws.com/domain=climate/type=observational/source=chirps-chirts-era5/region=africa/processing=seasonal/variable=PTOT/season=JFM/PTOT_JFM_2025_sum.tif
PTOT,FMA,2025,https://digital-atlas.s3.amazonaws.com/domain=climate/type=observational/source=chirps-chirts-era5/region=africa/processing=seasonal/variable=PTOT/season=FMA/PTOT_FMA_2025_sum.tif
PTOT,MAM,2025,https://digital-atlas.s3.amazonaws.com/domain=climate/type=observational/source=chirps-chirts-era5/region=africa/processing=seasonal/variable=PTOT/season=MAM/PTOT_MAM_2025_sum.tif
PTOT,AMJ,2025,https://digital-atlas.s3.amazonaws.com/domain=climate/type=observational/source=chirps-chirts-era5/region=africa/processing=seasonal/variable=PTOT/season=AMJ/PTOT_AMJ_2025_sum.tif
PTOT,MJJ,2025,https://digital-atlas.s3.amazonaws.com/domain=climate/type=observational/source=chirps-chirts-era5/region=africa/processing=seasonal/variable=PTOT/season=MJJ/PTOT_MJJ_2025_sum.tif
PTOT,JJA,2025,https://digital-atlas.s3.amazonaws.com/domain=climate/type=observational/source=chirps-chirts-era5/region=africa/processing=seasonal/variable=PTOT/season=JJA/PTOT_JJA_2025_sum.tif
PTOT,JAS,2025,https://digital-atlas.s3.amazonaws.com/domain=climate/type=observational/source=chirps-chirts-era5/region=africa/processing=seasonal/variable=PTOT/season=JAS/PTOT_JAS_2025_sum.tif
PTOT,ASO,2025,https://digital-atlas.s3.amazonaws.com/domain=climate/type=observational/source=chirps-chirts-era5/region=africa/processing=seasonal/variable=PTOT/season=ASO/PTOT_ASO_2025_sum.tif
PTOT,SON,2025,https://digital-atlas.s3.amazonaws.com/domain=climate/type=observational/source=chirps-chirts-era5/region=africa/processing=seasonal/variable=PTOT/season=SON/PTOT_SON_2025_sum.tif
PTOT,OND,2025,https://digital-atlas.s3.amazonaws.com/domain=climate/type=observational/source=chirps-chirts-era5/region=africa/processing=seasonal/variable=PTOT/season=OND/PTOT_OND_2025_sum.tif
PTOT,NDJ,2025,https://digital-atlas.s3.amazonaws.com/domain=climate/type=observational/source=chirps-chirts-era5/region=africa/processing=seasonal/variable=PTOT/season=NDJ/PTOT_NDJ_2025_sum.tif
PTOT,DJF,2025,https://digital-atlas.s3.amazonaws.com/domain=climate/type=observational/source=chirps-chirts-era5/region=africa/processing=seasonal/variable=PTOT/season=DJF/PTOT_DJF_2025_sum.tif
PTOT,JFM,2026,https://digital-atlas.s3.amazonaws.com/domain=climate/type=observational/source=chirps-chirts-era5/region=africa/processing=seasonal/variable=PTOT/season=JFM/PTOT_JFM_2026_sum.tif
PTOT,FMA,2026,https://digital-atlas.s3.amazonaws.com/domain=climate/type=observational/source=chirps-chirts-era5/region=africa/processing=seasonal/variable=PTOT/season=FMA/PTOT_FMA_2026_sum.tif
PTOT,DJF,2026,https://digital-atlas.s3.amazonaws.com/domain=climate/type=observational/source=chirps-chirts-era5/region=africa/processing=seasonal/variable=PTOT/season=DJF/PTOT_DJF_2026_sum.tif
